fuel_price_id,date,petrol_price,diesel_price
1,2022-07-01,96.02,88.93
2,2022-07-02,95.99,88.86
3,2022-07-03,96.05,88.92
4,2022-07-04,96.09,88.88
5,2022-07-05,96.16,88.87
6,2022-07-06,96.1,88.83
7,2022-07-07,96.08,88.83
8,2022-07-08,96.07,88.77
9,2022-07-09,96.13,88.76
10,2022-07-10,96.09,88.8
11,2022-07-11,96.03,88.73
12,2022-07-12,96.09,88.81
13,2022-07-13,96.07,88.81
14,2022-07-14,96.01,88.81
15,2022-07-15,95.99,88.81
16,2022-07-16,96.01,88.77
17,2022-07-17,95.99,88.7
18,2022-07-18,95.97,88.7
19,2022-07-19,95.98,88.71
20,2022-07-20,96.03,88.65
21,2022-07-21,95.96,88.67
22,2022-07-22,95.86,88.68
23,2022-07-23,95.8,88.74
24,2022-07-24,95.81,88.73
25,2022-07-25,95.87,88.69
26,2022-07-26,95.83,88.64
27,2022-07-27,95.79,88.64
28,2022-07-28,95.81,88.68
29,2022-07-29,95.72,88.67
30,2022-07-30,95.66,88.66
31,2022-07-31,95.78,88.67
32,2022-08-01,95.82,88.75
33,2022-08-02,95.88,88.73
34,2022-08-03,95.82,88.73
35,2022-08-04,95.79,88.67
36,2022-08-05,95.8,88.68
37,2022-08-06,95.89,88.67
38,2022-08-07,95.9,88.64
39,2022-08-08,95.94,88.64
40,2022-08-09,95.88,88.64
41,2022-08-10,95.9,88.65
42,2022-08-11,95.95,88.59
43,2022-08-12,95.91,88.62
44,2022-08-13,95.87,88.63
45,2022-08-14,95.75,88.74
46,2022-08-15,95.74,88.79
47,2022-08-16,95.72,88.81
48,2022-08-17,95.79,88.86
49,2022-08-18,95.78,88.85
50,2022-08-19,95.83,88.94
51,2022-08-20,95.84,89.02
52,2022-08-21,95.83,89.06
53,2022-08-22,95.89,89.04
54,2022-08-23,95.85,89.09
55,2022-08-24,95.82,89.05
56,2022-08-25,95.79,89.03
57,2022-08-26,95.83,89.05
58,2022-08-27,95.87,89.07
59,2022-08-28,95.84,89.1
60,2022-08-29,95.9,89.12
61,2022-08-30,95.92,89.09
62,2022-08-31,95.93,89.06
63,2022-09-01,95.93,88.99
64,2022-09-02,95.85,88.98
65,2022-09-03,95.82,88.98
66,2022-09-04,95.81,88.98
67,2022-09-05,95.84,88.96
68,2022-09-06,95.83,89.02
69,2022-09-07,95.83,89.01
70,2022-09-08,95.83,89.0
71,2022-09-09,95.79,88.96
72,2022-09-10,95.75,88.99
73,2022-09-11,95.72,88.98
74,2022-09-12,95.76,88.97
75,2022-09-13,95.79,88.91
76,2022-09-14,95.78,88.91
77,2022-09-15,95.78,88.84
78,2022-09-16,95.84,88.81
79,2022-09-17,95.86,88.81
80,2022-09-18,95.91,88.9
81,2022-09-19,95.85,88.87
82,2022-09-20,95.86,88.83
83,2022-09-21,95.9,88.86
84,2022-09-22,95.93,88.87
85,2022-09-23,96.0,88.82
86,2022-09-24,96.0,88.79
87,2022-09-25,96.04,88.72
88,2022-09-26,96.04,88.73
89,2022-09-27,95.99,88.7
90,2022-09-28,95.99,88.74
91,2022-09-29,95.94,88.71
92,2022-09-30,96.0,88.7
93,2022-10-01,95.96,88.73
94,2022-10-02,95.94,88.77
95,2022-10-03,95.91,88.76
96,2022-10-04,95.96,88.75
97,2022-10-05,96.0,88.75
98,2022-10-06,96.1,88.81
99,2022-10-07,96.03,88.83
100,2022-10-08,95.99,88.84
101,2022-10-09,95.99,88.8
102,2022-10-10,96.04,88.81
103,2022-10-11,96.03,88.79
104,2022-10-12,96.04,88.81
105,2022-10-13,96.03,88.7
106,2022-10-14,96.03,88.64
107,2022-10-15,96.02,88.58
108,2022-10-16,95.95,88.63
109,2022-10-17,95.93,88.61
110,2022-10-18,95.95,88.6
111,2022-10-19,96.06,88.59
112,2022-10-20,96.08,88.63
113,2022-10-21,96.16,88.6
114,2022-10-22,96.14,88.65
115,2022-10-23,96.18,88.69
116,2022-10-24,96.11,88.75
117,2022-10-25,96.07,88.76
118,2022-10-26,96.06,88.72
119,2022-10-27,95.99,88.65
120,2022-10-28,96.0,88.59
121,2022-10-29,95.94,88.58
122,2022-10-30,95.81,88.61
123,2022-10-31,95.69,88.61
124,2022-11-01,95.69,88.63
125,2022-11-02,95.69,88.71
126,2022-11-03,95.7,88.75
127,2022-11-04,95.66,88.75
128,2022-11-05,95.74,88.74
129,2022-11-06,95.75,88.78
130,2022-11-07,95.71,88.69
131,2022-11-08,95.72,88.73
132,2022-11-09,95.65,88.76
133,2022-11-10,95.68,88.67
134,2022-11-11,95.63,88.65
135,2022-11-12,95.62,88.62
136,2022-11-13,95.58,88.69
137,2022-11-14,95.57,88.66
138,2022-11-15,95.57,88.68
139,2022-11-16,95.57,88.67
140,2022-11-17,95.54,88.64
141,2022-11-18,95.51,88.65
142,2022-11-19,95.46,88.67
143,2022-11-20,95.53,88.68
144,2022-11-21,95.51,88.63
145,2022-11-22,95.59,88.58
146,2022-11-23,95.63,88.61
147,2022-11-24,95.62,88.6
148,2022-11-25,95.53,88.61
149,2022-11-26,95.56,88.57
150,2022-11-27,95.55,88.57
151,2022-11-28,95.58,88.57
152,2022-11-29,95.5,88.55
153,2022-11-30,95.51,88.58
154,2022-12-01,95.48,88.67
155,2022-12-02,95.39,88.65
156,2022-12-03,95.39,88.64
157,2022-12-04,95.33,88.66
158,2022-12-05,95.35,88.66
159,2022-12-06,95.37,88.64
160,2022-12-07,95.29,88.61
161,2022-12-08,95.3,88.62
162,2022-12-09,95.3,88.64
163,2022-12-10,95.27,88.64
164,2022-12-11,95.3,88.64
165,2022-12-12,95.24,88.6
166,2022-12-13,95.28,88.66
167,2022-12-14,95.34,88.67
168,2022-12-15,95.28,88.67
169,2022-12-16,95.36,88.69
170,2022-12-17,95.35,88.72
171,2022-12-18,95.29,88.69
172,2022-12-19,95.24,88.71
173,2022-12-20,95.28,88.7
174,2022-12-21,95.24,88.7
175,2022-12-22,95.22,88.67
176,2022-12-23,95.24,88.64
177,2022-12-24,95.16,88.59
178,2022-12-25,95.08,88.6
179,2022-12-26,95.09,88.6
180,2022-12-27,95.12,88.65
181,2022-12-28,95.09,88.67
182,2022-12-29,95.01,88.73
183,2022-12-30,94.95,88.7
184,2022-12-31,94.92,88.64
185,2023-01-01,94.92,88.65
186,2023-01-02,94.91,88.59
187,2023-01-03,95.01,88.61
188,2023-01-04,95.14,88.58
189,2023-01-05,95.19,88.61
190,2023-01-06,95.18,88.67
191,2023-01-07,95.16,88.66
192,2023-01-08,94.99,88.68
193,2023-01-09,94.92,88.66
194,2023-01-10,94.87,88.65
195,2023-01-11,94.89,88.65
196,2023-01-12,94.93,88.7
197,2023-01-13,94.91,88.68
198,2023-01-14,94.96,88.72
199,2023-01-15,95.0,88.68
200,2023-01-16,95.02,88.68
201,2023-01-17,95.07,88.66
202,2023-01-18,94.99,88.69
203,2023-01-19,94.86,88.66
204,2023-01-20,94.81,88.62
205,2023-01-21,94.77,88.67
206,2023-01-22,94.81,88.66
207,2023-01-23,94.87,88.62
208,2023-01-24,94.81,88.65
209,2023-01-25,94.84,88.63
210,2023-01-26,94.78,88.69
211,2023-01-27,94.69,88.67
212,2023-01-28,94.7,88.74
213,2023-01-29,94.72,88.76
214,2023-01-30,94.69,88.78
215,2023-01-31,94.7,88.72
216,2023-02-01,94.74,88.76
217,2023-02-02,94.78,88.76
218,2023-02-03,94.73,88.67
219,2023-02-04,94.74,88.71
220,2023-02-05,94.79,88.74
221,2023-02-06,94.79,88.78
222,2023-02-07,94.84,88.76
223,2023-02-08,94.87,88.74
224,2023-02-09,94.9,88.69
225,2023-02-10,94.84,88.73
226,2023-02-11,94.89,88.76
227,2023-02-12,94.89,88.66
228,2023-02-13,94.89,88.68
229,2023-02-14,94.86,88.65
230,2023-02-15,94.93,88.65
231,2023-02-16,94.95,88.68
232,2023-02-17,94.9,88.69
233,2023-02-18,94.97,88.76
234,2023-02-19,94.97,88.75
235,2023-02-20,94.98,88.76
236,2023-02-21,95.05,88.72
237,2023-02-22,95.04,88.68
238,2023-02-23,94.99,88.7
239,2023-02-24,95.03,88.67
240,2023-02-25,95.07,88.71
241,2023-02-26,95.17,88.71
242,2023-02-27,95.14,88.67
243,2023-02-28,95.08,88.72
244,2023-03-01,95.0,88.77
245,2023-03-02,94.96,88.74
246,2023-03-03,94.95,88.71
247,2023-03-04,95.0,88.78
248,2023-03-05,94.97,88.76
249,2023-03-06,94.96,88.78
250,2023-03-07,94.95,88.84
251,2023-03-08,95.01,88.79
252,2023-03-09,95.04,88.85
253,2023-03-10,95.02,88.84
254,2023-03-11,94.99,88.82
255,2023-03-12,94.91,88.77
256,2023-03-13,94.91,88.83
257,2023-03-14,94.88,88.8
258,2023-03-15,94.97,88.76
259,2023-03-16,94.89,88.73
260,2023-03-17,94.86,88.66
261,2023-03-18,94.85,88.7
262,2023-03-19,94.79,88.7
263,2023-03-20,94.81,88.7
264,2023-03-21,94.82,88.71
265,2023-03-22,94.78,88.77
266,2023-03-23,94.84,88.82
267,2023-03-24,94.89,88.76
268,2023-03-25,94.94,88.79
269,2023-03-26,94.86,88.78
270,2023-03-27,94.87,88.85
271,2023-03-28,94.91,88.82
272,2023-03-29,94.99,88.82
273,2023-03-30,94.98,88.81
274,2023-03-31,94.9,88.81
275,2023-04-01,94.92,88.79
276,2023-04-02,94.94,88.76
277,2023-04-03,94.93,88.77
278,2023-04-04,94.94,88.71
279,2023-04-05,94.92,88.78
280,2023-04-06,94.9,88.78
281,2023-04-07,94.9,88.84
282,2023-04-08,94.96,88.87
283,2023-04-09,94.91,88.88
284,2023-04-10,94.94,88.85
285,2023-04-11,94.9,88.92
286,2023-04-12,94.88,88.98
287,2023-04-13,94.93,89.0
288,2023-04-14,94.95,88.94
289,2023-04-15,94.96,89.0
290,2023-04-16,94.99,89.01
291,2023-04-17,95.08,89.0
292,2023-04-18,95.05,89.01
293,2023-04-19,95.09,88.94
294,2023-04-20,95.1,88.97
295,2023-04-21,95.09,89.01
296,2023-04-22,95.12,89.1
297,2023-04-23,95.08,89.13
298,2023-04-24,95.03,89.07
299,2023-04-25,94.93,89.09
300,2023-04-26,94.94,89.07
301,2023-04-27,94.85,89.04
302,2023-04-28,94.85,89.07
303,2023-04-29,94.85,89.08
304,2023-04-30,94.83,89.15
305,2023-05-01,94.78,89.12
306,2023-05-02,94.76,89.14
307,2023-05-03,94.71,89.15
308,2023-05-04,94.72,89.12
309,2023-05-05,94.74,89.08
310,2023-05-06,94.68,89.08
311,2023-05-07,94.6,88.99
312,2023-05-08,94.63,89.03
313,2023-05-09,94.61,89.0
314,2023-05-10,94.66,88.95
315,2023-05-11,94.59,88.98
316,2023-05-12,94.59,89.02
317,2023-05-13,94.48,88.96
318,2023-05-14,94.48,88.98
319,2023-05-15,94.52,88.99
320,2023-05-16,94.53,88.97
321,2023-05-17,94.61,88.93
322,2023-05-18,94.63,88.89
323,2023-05-19,94.66,88.85
324,2023-05-20,94.7,88.85
325,2023-05-21,94.79,88.84
326,2023-05-22,94.81,88.81
327,2023-05-23,94.8,88.81
328,2023-05-24,94.72,88.75
329,2023-05-25,94.75,88.74
330,2023-05-26,94.72,88.71
331,2023-05-27,94.69,88.71
332,2023-05-28,94.71,88.63
333,2023-05-29,94.78,88.68
334,2023-05-30,94.66,88.72
335,2023-05-31,94.71,88.72
336,2023-06-01,94.65,88.76
337,2023-06-02,94.64,88.78
338,2023-06-03,94.75,88.79
339,2023-06-04,94.7,88.78
340,2023-06-05,94.66,88.8
341,2023-06-06,94.62,88.78
342,2023-06-07,94.56,88.77
343,2023-06-08,94.57,88.66
344,2023-06-09,94.58,88.66
345,2023-06-10,94.54,88.74
346,2023-06-11,94.59,88.7
347,2023-06-12,94.63,88.75
348,2023-06-13,94.64,88.76
349,2023-06-14,94.66,88.68
350,2023-06-15,94.65,88.67
351,2023-06-16,94.72,88.68
352,2023-06-17,94.71,88.68
353,2023-06-18,94.76,88.67
354,2023-06-19,94.73,88.66
355,2023-06-20,94.78,88.68
356,2023-06-21,94.78,88.69
357,2023-06-22,94.75,88.68
358,2023-06-23,94.72,88.67
359,2023-06-24,94.79,88.63
360,2023-06-25,94.76,88.58
361,2023-06-26,94.69,88.57
362,2023-06-27,94.66,88.64
363,2023-06-28,94.65,88.69
364,2023-06-29,94.7,88.68
365,2023-06-30,94.81,88.69
366,2023-07-01,94.89,88.75
367,2023-07-02,94.91,88.78
368,2023-07-03,94.94,88.73
369,2023-07-04,94.94,88.77
370,2023-07-05,95.02,88.74
371,2023-07-06,95.05,88.75
372,2023-07-07,95.04,88.76
373,2023-07-08,95.05,88.78
374,2023-07-09,95.12,88.81
375,2023-07-10,95.14,88.88
376,2023-07-11,95.2,88.88
377,2023-07-12,95.14,88.84
378,2023-07-13,95.19,88.81
379,2023-07-14,95.14,88.78
380,2023-07-15,95.11,88.81
381,2023-07-16,95.1,88.76
382,2023-07-17,95.1,88.77
383,2023-07-18,95.08,88.82
384,2023-07-19,95.06,88.86
385,2023-07-20,95.09,88.9
386,2023-07-21,95.04,88.9
387,2023-07-22,95.04,88.84
388,2023-07-23,95.1,88.81
389,2023-07-24,95.07,88.77
390,2023-07-25,95.11,88.71
391,2023-07-26,95.14,88.75
392,2023-07-27,95.17,88.78
393,2023-07-28,95.21,88.74
394,2023-07-29,95.28,88.72
395,2023-07-30,95.28,88.71
396,2023-07-31,95.3,88.69
397,2023-08-01,95.3,88.64
398,2023-08-02,95.36,88.67
399,2023-08-03,95.35,88.65
400,2023-08-04,95.38,88.62
401,2023-08-05,95.39,88.67
402,2023-08-06,95.35,88.68
403,2023-08-07,95.37,88.68
404,2023-08-08,95.34,88.73
405,2023-08-09,95.31,88.66
406,2023-08-10,95.34,88.61
407,2023-08-11,95.37,88.66
408,2023-08-12,95.4,88.7
409,2023-08-13,95.5,88.74
410,2023-08-14,95.52,88.81
411,2023-08-15,95.61,88.88
412,2023-08-16,95.59,88.83
413,2023-08-17,95.56,88.86
414,2023-08-18,95.57,88.85
415,2023-08-19,95.6,88.79
416,2023-08-20,95.61,88.83
417,2023-08-21,95.64,88.86
418,2023-08-22,95.72,88.86
419,2023-08-23,95.69,88.91
420,2023-08-24,95.75,88.93
421,2023-08-25,95.74,88.93
422,2023-08-26,95.68,88.97
423,2023-08-27,95.73,88.92
424,2023-08-28,95.77,88.94
425,2023-08-29,95.72,88.89
426,2023-08-30,95.74,88.87
427,2023-08-31,95.83,88.91
428,2023-09-01,95.85,88.93
429,2023-09-02,95.92,88.96
430,2023-09-03,95.94,88.92
431,2023-09-04,96.09,88.88
432,2023-09-05,96.07,88.81
433,2023-09-06,96.1,88.82
434,2023-09-07,96.14,88.75
435,2023-09-08,96.2,88.72
436,2023-09-09,96.19,88.76
437,2023-09-10,96.2,88.77
438,2023-09-11,96.24,88.79
439,2023-09-12,96.22,88.78
440,2023-09-13,96.23,88.74
441,2023-09-14,96.28,88.75
442,2023-09-15,96.28,88.8
443,2023-09-16,96.27,88.79
444,2023-09-17,96.25,88.8
445,2023-09-18,96.27,88.77
446,2023-09-19,96.26,88.74
447,2023-09-20,96.22,88.67
448,2023-09-21,96.21,88.6
449,2023-09-22,96.19,88.58
450,2023-09-23,96.24,88.54
451,2023-09-24,96.2,88.52
452,2023-09-25,96.17,88.57
453,2023-09-26,96.11,88.55
454,2023-09-27,96.13,88.59
455,2023-09-28,96.11,88.51
456,2023-09-29,96.1,88.56
457,2023-09-30,96.11,88.57
458,2023-10-01,96.06,88.52
459,2023-10-02,96.06,88.46
460,2023-10-03,96.1,88.43
461,2023-10-04,96.1,88.35
462,2023-10-05,96.08,88.3
463,2023-10-06,95.96,88.32
464,2023-10-07,96.04,88.37
465,2023-10-08,96.07,88.35
466,2023-10-09,96.11,88.4
467,2023-10-10,96.12,88.35
468,2023-10-11,96.1,88.42
469,2023-10-12,96.1,88.29
470,2023-10-13,96.03,88.27
471,2023-10-14,96.08,88.26
472,2023-10-15,96.13,88.24
473,2023-10-16,96.03,88.22
474,2023-10-17,96.05,88.23
475,2023-10-18,95.99,88.22
476,2023-10-19,96.12,88.17
477,2023-10-20,96.15,88.09
478,2023-10-21,96.19,88.05
479,2023-10-22,96.21,88.0
480,2023-10-23,96.22,87.96
481,2023-10-24,96.18,87.98
482,2023-10-25,96.16,88.0
483,2023-10-26,96.15,88.0
484,2023-10-27,96.17,87.99
485,2023-10-28,96.12,87.97
486,2023-10-29,96.18,87.97
487,2023-10-30,96.14,87.99
488,2023-10-31,96.16,88.01
489,2023-11-01,96.11,87.98
490,2023-11-02,96.08,87.97
491,2023-11-03,96.11,87.98
492,2023-11-04,96.13,88.03
493,2023-11-05,96.16,88.02
494,2023-11-06,96.1,87.99
495,2023-11-07,96.09,88.02
496,2023-11-08,96.09,87.99
497,2023-11-09,96.05,87.99
498,2023-11-10,96.09,88.05
499,2023-11-11,96.08,88.05
500,2023-11-12,96.02,88.13
501,2023-11-13,95.95,88.18
502,2023-11-14,95.93,88.16
503,2023-11-15,95.87,88.26
504,2023-11-16,95.88,88.26
505,2023-11-17,95.92,88.23
506,2023-11-18,95.92,88.23
507,2023-11-19,95.89,88.28
508,2023-11-20,95.88,88.22
509,2023-11-21,95.86,88.23
510,2023-11-22,95.82,88.2
511,2023-11-23,95.79,88.25
512,2023-11-24,95.77,88.31
513,2023-11-25,95.74,88.32
514,2023-11-26,95.72,88.35
515,2023-11-27,95.66,88.38
516,2023-11-28,95.67,88.35
517,2023-11-29,95.66,88.41
518,2023-11-30,95.67,88.38
519,2023-12-01,95.61,88.4
520,2023-12-02,95.62,88.43
521,2023-12-03,95.55,88.38
522,2023-12-04,95.61,88.39
523,2023-12-05,95.64,88.35
524,2023-12-06,95.59,88.39
525,2023-12-07,95.64,88.35
526,2023-12-08,95.58,88.35
527,2023-12-09,95.54,88.32
528,2023-12-10,95.48,88.3
529,2023-12-11,95.42,88.26
530,2023-12-12,95.43,88.26
531,2023-12-13,95.45,88.19
532,2023-12-14,95.45,88.27
533,2023-12-15,95.43,88.3
534,2023-12-16,95.47,88.33
535,2023-12-17,95.48,88.35
536,2023-12-18,95.51,88.38
537,2023-12-19,95.45,88.31
538,2023-12-20,95.37,88.3
539,2023-12-21,95.4,88.26
540,2023-12-22,95.45,88.24
541,2023-12-23,95.43,88.21
542,2023-12-24,95.34,88.22
543,2023-12-25,95.43,88.22
544,2023-12-26,95.34,88.25
545,2023-12-27,95.26,88.2
546,2023-12-28,95.25,88.2
547,2023-12-29,95.2,88.19
548,2023-12-30,95.24,88.22
549,2023-12-31,95.3,88.3
550,2024-01-01,95.34,88.29
551,2024-01-02,95.38,88.31
552,2024-01-03,95.41,88.32
553,2024-01-04,95.36,88.28
554,2024-01-05,95.36,88.29
555,2024-01-06,95.33,88.31
556,2024-01-07,95.43,88.24
557,2024-01-08,95.46,88.24
558,2024-01-09,95.48,88.22
559,2024-01-10,95.47,88.23
560,2024-01-11,95.45,88.17
561,2024-01-12,95.44,88.11
562,2024-01-13,95.47,88.04
563,2024-01-14,95.52,88.06
564,2024-01-15,95.54,87.97
565,2024-01-16,95.52,88.02
566,2024-01-17,95.49,87.98
567,2024-01-18,95.46,87.98
568,2024-01-19,95.42,88.03
569,2024-01-20,95.42,88.01
570,2024-01-21,95.35,88.03
571,2024-01-22,95.37,88.0
572,2024-01-23,95.26,88.02
573,2024-01-24,95.25,88.03
574,2024-01-25,95.35,88.03
575,2024-01-26,95.32,87.98
576,2024-01-27,95.3,87.99
577,2024-01-28,95.3,88.06
578,2024-01-29,95.32,88.05
579,2024-01-30,95.28,88.06
580,2024-01-31,95.23,88.07
581,2024-02-01,95.25,88.06
582,2024-02-02,95.22,87.97
583,2024-02-03,95.28,87.99
584,2024-02-04,95.3,87.93
585,2024-02-05,95.37,87.91
586,2024-02-06,95.36,87.87
587,2024-02-07,95.27,87.92
588,2024-02-08,95.33,87.91
589,2024-02-09,95.3,87.89
590,2024-02-10,95.28,87.84
591,2024-02-11,95.27,87.85
592,2024-02-12,95.32,87.85
593,2024-02-13,95.24,87.86
594,2024-02-14,95.23,87.91
595,2024-02-15,95.3,87.97
596,2024-02-16,95.27,88.05
597,2024-02-17,95.29,88.12
598,2024-02-18,95.26,88.11
599,2024-02-19,95.27,88.12
600,2024-02-20,95.33,88.11
601,2024-02-21,95.39,88.14
602,2024-02-22,95.38,88.17
603,2024-02-23,95.36,88.26
604,2024-02-24,95.23,88.29
605,2024-02-25,95.14,88.28
606,2024-02-26,95.14,88.34
607,2024-02-27,95.11,88.39
608,2024-02-28,95.05,88.44
609,2024-02-29,95.03,88.44
610,2024-03-01,95.01,88.49
611,2024-03-02,95.06,88.51
612,2024-03-03,95.0,88.48
613,2024-03-04,94.95,88.39
614,2024-03-05,95.01,88.38
615,2024-03-06,94.99,88.44
616,2024-03-07,94.97,88.41
617,2024-03-08,94.96,88.36
618,2024-03-09,94.98,88.35
619,2024-03-10,94.95,88.33
620,2024-03-11,94.94,88.33
621,2024-03-12,94.91,88.32
622,2024-03-13,94.91,88.31
623,2024-03-14,94.91,88.28
624,2024-03-15,94.96,88.28
625,2024-03-16,94.93,88.29
626,2024-03-17,94.93,88.22
627,2024-03-18,94.95,88.18
628,2024-03-19,95.0,88.17
629,2024-03-20,95.04,88.14
630,2024-03-21,95.04,88.19
631,2024-03-22,95.03,88.17
632,2024-03-23,95.06,88.2
633,2024-03-24,95.03,88.12
634,2024-03-25,95.0,88.15
635,2024-03-26,94.96,88.15
636,2024-03-27,94.93,88.07
637,2024-03-28,94.9,88.1
638,2024-03-29,94.78,88.11
639,2024-03-30,94.72,88.13
640,2024-03-31,94.76,88.12
641,2024-04-01,94.75,88.09
642,2024-04-02,94.68,88.16
643,2024-04-03,94.64,88.22
644,2024-04-04,94.6,88.24
645,2024-04-05,94.54,88.26
646,2024-04-06,94.52,88.25
647,2024-04-07,94.55,88.23
648,2024-04-08,94.48,88.26
649,2024-04-09,94.42,88.28
650,2024-04-10,94.47,88.26
651,2024-04-11,94.53,88.28
652,2024-04-12,94.5,88.34
653,2024-04-13,94.44,88.32
654,2024-04-14,94.43,88.34
655,2024-04-15,94.49,88.38
656,2024-04-16,94.5,88.37
657,2024-04-17,94.41,88.32
658,2024-04-18,94.5,88.25
659,2024-04-19,94.46,88.3
660,2024-04-20,94.47,88.34
661,2024-04-21,94.5,88.4
662,2024-04-22,94.51,88.43
663,2024-04-23,94.47,88.45
664,2024-04-24,94.45,88.43
665,2024-04-25,94.49,88.47
666,2024-04-26,94.57,88.53
667,2024-04-27,94.62,88.46
668,2024-04-28,94.71,88.5
669,2024-04-29,94.67,88.53
670,2024-04-30,94.62,88.55
671,2024-05-01,94.55,88.52
672,2024-05-02,94.59,88.56
673,2024-05-03,94.61,88.55
674,2024-05-04,94.5,88.54
675,2024-05-05,94.53,88.53
676,2024-05-06,94.53,88.52
677,2024-05-07,94.51,88.52
678,2024-05-08,94.5,88.58
679,2024-05-09,94.39,88.56
680,2024-05-10,94.35,88.57
681,2024-05-11,94.35,88.63
682,2024-05-12,94.45,88.6
683,2024-05-13,94.45,88.61
684,2024-05-14,94.41,88.64
685,2024-05-15,94.4,88.6
686,2024-05-16,94.39,88.56
687,2024-05-17,94.44,88.64
688,2024-05-18,94.45,88.64
689,2024-05-19,94.46,88.69
690,2024-05-20,94.52,88.69
691,2024-05-21,94.53,88.72
692,2024-05-22,94.47,88.77
693,2024-05-23,94.56,88.82
694,2024-05-24,94.5,88.74
695,2024-05-25,94.54,88.71
696,2024-05-26,94.55,88.77
697,2024-05-27,94.52,88.75
698,2024-05-28,94.53,88.7
699,2024-05-29,94.49,88.7
700,2024-05-30,94.47,88.72
701,2024-05-31,94.61,88.72
702,2024-06-01,94.57,88.78
703,2024-06-02,94.49,88.72
704,2024-06-03,94.46,88.71
705,2024-06-04,94.43,88.71
706,2024-06-05,94.44,88.75
707,2024-06-06,94.44,88.73
708,2024-06-07,94.49,88.7
709,2024-06-08,94.41,88.75
710,2024-06-09,94.47,88.72
711,2024-06-10,94.45,88.68
712,2024-06-11,94.47,88.75
713,2024-06-12,94.51,88.79
714,2024-06-13,94.55,88.79
715,2024-06-14,94.6,88.82
716,2024-06-15,94.67,88.8
717,2024-06-16,94.58,88.84
718,2024-06-17,94.6,88.83
719,2024-06-18,94.59,88.93
720,2024-06-19,94.56,88.9
721,2024-06-20,94.56,88.95
722,2024-06-21,94.67,88.98
723,2024-06-22,94.61,89.06
724,2024-06-23,94.61,89.03
725,2024-06-24,94.56,89.06
726,2024-06-25,94.57,89.07
727,2024-06-26,94.63,89.04
728,2024-06-27,94.7,89.02
729,2024-06-28,94.81,89.04
730,2024-06-29,94.76,88.96
731,2024-06-30,94.8,88.95
732,2024-07-01,94.79,88.98
733,2024-07-02,94.84,89.03
734,2024-07-03,94.78,89.09
735,2024-07-04,94.75,89.0
736,2024-07-05,94.69,89.01
737,2024-07-06,94.64,89.01
738,2024-07-07,94.66,89.0
739,2024-07-08,94.64,88.95
740,2024-07-09,94.64,88.87
741,2024-07-10,94.61,88.83
742,2024-07-11,94.6,88.82
743,2024-07-12,94.65,88.88
744,2024-07-13,94.59,88.96
745,2024-07-14,94.55,88.97
746,2024-07-15,94.58,89.07
747,2024-07-16,94.55,89.0
748,2024-07-17,94.62,88.97
749,2024-07-18,94.6,88.93
750,2024-07-19,94.58,88.9
751,2024-07-20,94.61,88.9
752,2024-07-21,94.58,88.94
753,2024-07-22,94.59,88.87
754,2024-07-23,94.64,88.88
755,2024-07-24,94.71,88.88
756,2024-07-25,94.67,88.87
757,2024-07-26,94.71,88.84
758,2024-07-27,94.69,88.83
759,2024-07-28,94.63,88.8
760,2024-07-29,94.64,88.85
761,2024-07-30,94.66,88.85
762,2024-07-31,94.62,88.89
763,2024-08-01,94.64,88.86
764,2024-08-02,94.68,88.88
765,2024-08-03,94.64,88.88
766,2024-08-04,94.62,88.99
767,2024-08-05,94.65,89.0
768,2024-08-06,94.67,89.06
769,2024-08-07,94.67,89.04
770,2024-08-08,94.71,89.03
771,2024-08-09,94.66,88.98
772,2024-08-10,94.74,88.99
773,2024-08-11,94.71,88.98
774,2024-08-12,94.75,88.97
775,2024-08-13,94.68,88.98
776,2024-08-14,94.74,89.03
777,2024-08-15,94.71,89.08
778,2024-08-16,94.72,89.13
779,2024-08-17,94.75,89.07
780,2024-08-18,94.84,89.07
781,2024-08-19,94.87,89.02
782,2024-08-20,94.9,89.06
783,2024-08-21,95.0,89.12
784,2024-08-22,95.03,89.06
785,2024-08-23,95.04,89.04
786,2024-08-24,95.05,88.99
787,2024-08-25,95.04,88.97
788,2024-08-26,95.01,88.95
789,2024-08-27,95.0,88.96
790,2024-08-28,94.88,88.86
791,2024-08-29,94.86,88.85
792,2024-08-30,94.87,88.82
793,2024-08-31,94.87,88.83
794,2024-09-01,94.83,88.87
795,2024-09-02,94.84,88.89
796,2024-09-03,94.84,88.97
797,2024-09-04,94.87,88.95
798,2024-09-05,94.91,88.88
799,2024-09-06,94.92,88.89
800,2024-09-07,94.93,88.88
801,2024-09-08,94.88,88.85
802,2024-09-09,94.89,88.81
803,2024-09-10,94.98,88.7
804,2024-09-11,94.96,88.7
805,2024-09-12,94.99,88.66
806,2024-09-13,95.05,88.6
807,2024-09-14,95.02,88.62
808,2024-09-15,95.07,88.56
809,2024-09-16,95.2,88.52
810,2024-09-17,95.13,88.54
811,2024-09-18,95.11,88.52
812,2024-09-19,95.14,88.46
813,2024-09-20,95.05,88.44
814,2024-09-21,95.1,88.42
815,2024-09-22,95.18,88.47
816,2024-09-23,95.19,88.48
817,2024-09-24,95.2,88.49
818,2024-09-25,95.18,88.48
819,2024-09-26,95.13,88.39
820,2024-09-27,95.19,88.4
821,2024-09-28,95.19,88.42
822,2024-09-29,95.15,88.38
823,2024-09-30,95.14,88.43
824,2024-10-01,95.08,88.32
825,2024-10-02,95.05,88.37
826,2024-10-03,94.96,88.32
827,2024-10-04,94.97,88.42
828,2024-10-05,94.9,88.36
829,2024-10-06,94.92,88.41
830,2024-10-07,94.89,88.35
831,2024-10-08,94.91,88.37
832,2024-10-09,95.0,88.4
833,2024-10-10,95.04,88.39
834,2024-10-11,95.16,88.37
835,2024-10-12,95.13,88.44
836,2024-10-13,95.06,88.37
837,2024-10-14,95.07,88.37
838,2024-10-15,95.06,88.41
839,2024-10-16,95.01,88.41
840,2024-10-17,94.99,88.37
841,2024-10-18,94.99,88.4
842,2024-10-19,95.1,88.42
843,2024-10-20,94.97,88.42
844,2024-10-21,94.97,88.46
845,2024-10-22,94.98,88.51
846,2024-10-23,95.0,88.57
847,2024-10-24,94.98,88.58
848,2024-10-25,95.02,88.56
849,2024-10-26,94.98,88.53
850,2024-10-27,94.94,88.55
851,2024-10-28,94.85,88.49
852,2024-10-29,94.94,88.46
853,2024-10-30,94.95,88.4
854,2024-10-31,94.95,88.37
855,2024-11-01,94.87,88.42
856,2024-11-02,94.93,88.42
857,2024-11-03,94.98,88.5
858,2024-11-04,95.02,88.52
859,2024-11-05,95.03,88.55
860,2024-11-06,95.01,88.54
861,2024-11-07,95.03,88.52
862,2024-11-08,95.01,88.52
863,2024-11-09,95.07,88.47
864,2024-11-10,95.11,88.5
865,2024-11-11,95.15,88.47
866,2024-11-12,95.07,88.49
867,2024-11-13,95.08,88.53
868,2024-11-14,95.04,88.56
869,2024-11-15,95.09,88.56
870,2024-11-16,95.11,88.58
871,2024-11-17,95.07,88.6
872,2024-11-18,95.15,88.6
873,2024-11-19,95.08,88.57
874,2024-11-20,94.99,88.62
875,2024-11-21,95.03,88.6
876,2024-11-22,94.96,88.57
877,2024-11-23,94.93,88.57
878,2024-11-24,94.93,88.62
879,2024-11-25,94.9,88.56
880,2024-11-26,94.84,88.56
881,2024-11-27,94.8,88.55
882,2024-11-28,94.78,88.59
883,2024-11-29,94.75,88.57
884,2024-11-30,94.79,88.55
885,2024-12-01,94.81,88.56
886,2024-12-02,94.82,88.51
887,2024-12-03,94.88,88.6
888,2024-12-04,94.88,88.56
889,2024-12-05,94.88,88.6
890,2024-12-06,94.85,88.59
891,2024-12-07,94.87,88.64
892,2024-12-08,94.91,88.67
893,2024-12-09,94.89,88.69
894,2024-12-10,94.85,88.72
895,2024-12-11,94.91,88.74
896,2024-12-12,94.89,88.73
897,2024-12-13,94.98,88.72
898,2024-12-14,95.03,88.73
899,2024-12-15,95.01,88.68
900,2024-12-16,95.02,88.68
901,2024-12-17,95.11,88.65
902,2024-12-18,95.22,88.67
903,2024-12-19,95.24,88.65
904,2024-12-20,95.26,88.67
905,2024-12-21,95.31,88.63
906,2024-12-22,95.38,88.64
907,2024-12-23,95.41,88.63
908,2024-12-24,95.36,88.63
909,2024-12-25,95.37,88.57
910,2024-12-26,95.41,88.61
911,2024-12-27,95.37,88.57
912,2024-12-28,95.35,88.57
913,2024-12-29,95.34,88.57
914,2024-12-30,95.35,88.52
915,2024-12-31,95.29,88.41
916,2025-01-01,95.34,88.41
917,2025-01-02,95.39,88.36
918,2025-01-03,95.39,88.37
919,2025-01-04,95.36,88.31
920,2025-01-05,95.45,88.37
921,2025-01-06,95.43,88.39
922,2025-01-07,95.41,88.35
923,2025-01-08,95.5,88.28
924,2025-01-09,95.49,88.28
925,2025-01-10,95.57,88.32
926,2025-01-11,95.49,88.32
927,2025-01-12,95.49,88.31
928,2025-01-13,95.52,88.25
929,2025-01-14,95.5,88.27
930,2025-01-15,95.53,88.28
931,2025-01-16,95.52,88.28
932,2025-01-17,95.56,88.28
933,2025-01-18,95.51,88.23
934,2025-01-19,95.44,88.29
935,2025-01-20,95.48,88.29
936,2025-01-21,95.46,88.27
937,2025-01-22,95.51,88.35
938,2025-01-23,95.48,88.4
939,2025-01-24,95.48,88.39
940,2025-01-25,95.56,88.39
941,2025-01-26,95.57,88.4
942,2025-01-27,95.49,88.41
943,2025-01-28,95.46,88.35
944,2025-01-29,95.43,88.33
945,2025-01-30,95.48,88.29
946,2025-01-31,95.44,88.3
947,2025-02-01,95.37,88.27
948,2025-02-02,95.29,88.31
949,2025-02-03,95.27,88.31
950,2025-02-04,95.32,88.28
951,2025-02-05,95.3,88.24
952,2025-02-06,95.25,88.2
953,2025-02-07,95.23,88.18
954,2025-02-08,95.24,88.14
955,2025-02-09,95.26,88.16
956,2025-02-10,95.24,88.13
957,2025-02-11,95.24,88.12
958,2025-02-12,95.25,88.18
959,2025-02-13,95.25,88.15
960,2025-02-14,95.21,88.12
961,2025-02-15,95.14,88.16
962,2025-02-16,95.03,88.18
963,2025-02-17,94.99,88.16
964,2025-02-18,94.95,88.22
965,2025-02-19,94.95,88.25
966,2025-02-20,95.02,88.26
967,2025-02-21,94.96,88.25
968,2025-02-22,94.92,88.23
969,2025-02-23,94.92,88.22
970,2025-02-24,94.94,88.24
971,2025-02-25,94.93,88.26
972,2025-02-26,94.9,88.31
973,2025-02-27,94.87,88.36
974,2025-02-28,94.8,88.34
975,2025-03-01,94.78,88.35
976,2025-03-02,94.82,88.3
977,2025-03-03,94.76,88.24
978,2025-03-04,94.83,88.25
979,2025-03-05,94.78,88.23
980,2025-03-06,94.84,88.22
981,2025-03-07,94.82,88.19
982,2025-03-08,94.77,88.24
983,2025-03-09,94.85,88.2
984,2025-03-10,94.92,88.18
985,2025-03-11,94.95,88.24
986,2025-03-12,94.94,88.23
987,2025-03-13,94.98,88.19
988,2025-03-14,95.04,88.2
989,2025-03-15,95.01,88.18
990,2025-03-16,94.94,88.16
991,2025-03-17,94.93,88.12
992,2025-03-18,94.93,88.14
993,2025-03-19,94.92,88.17
994,2025-03-20,94.88,88.21
995,2025-03-21,94.89,88.27
996,2025-03-22,95.01,88.25
997,2025-03-23,94.99,88.24
998,2025-03-24,95.02,88.29
999,2025-03-25,94.99,88.31
1000,2025-03-26,94.98,88.33
1001,2025-03-27,95.06,88.32
1002,2025-03-28,94.98,88.35
1003,2025-03-29,94.94,88.34
1004,2025-03-30,94.98,88.35
1005,2025-03-31,94.97,88.33
1006,2025-04-01,94.83,88.36
1007,2025-04-02,94.82,88.42
1008,2025-04-03,94.84,88.4
1009,2025-04-04,94.89,88.45
1010,2025-04-05,94.88,88.5
1011,2025-04-06,94.85,88.51
1012,2025-04-07,94.88,88.54
1013,2025-04-08,94.91,88.53
1014,2025-04-09,94.96,88.53
1015,2025-04-10,94.93,88.51
1016,2025-04-11,95.03,88.48
1017,2025-04-12,95.09,88.43
1018,2025-04-13,95.11,88.44
1019,2025-04-14,95.19,88.41
1020,2025-04-15,95.14,88.41
1021,2025-04-16,95.22,88.37
1022,2025-04-17,95.09,88.37
1023,2025-04-18,95.14,88.33
1024,2025-04-19,95.18,88.29
1025,2025-04-20,95.17,88.32
1026,2025-04-21,95.11,88.33
1027,2025-04-22,95.17,88.35
1028,2025-04-23,95.13,88.41
1029,2025-04-24,95.16,88.34
1030,2025-04-25,95.2,88.32
1031,2025-04-26,95.21,88.36
1032,2025-04-27,95.18,88.29
1033,2025-04-28,95.26,88.34
1034,2025-04-29,95.26,88.37
1035,2025-04-30,95.24,88.37
1036,2025-05-01,95.23,88.36
1037,2025-05-02,95.25,88.31
1038,2025-05-03,95.24,88.32
1039,2025-05-04,95.33,88.27
1040,2025-05-05,95.36,88.3
1041,2025-05-06,95.27,88.32
1042,2025-05-07,95.31,88.34
1043,2025-05-08,95.31,88.35
1044,2025-05-09,95.32,88.28
1045,2025-05-10,95.33,88.27
1046,2025-05-11,95.29,88.37
1047,2025-05-12,95.35,88.32
1048,2025-05-13,95.37,88.38
1049,2025-05-14,95.3,88.38
1050,2025-05-15,95.31,88.33
1051,2025-05-16,95.33,88.37
1052,2025-05-17,95.41,88.36
1053,2025-05-18,95.54,88.28
1054,2025-05-19,95.56,88.22
1055,2025-05-20,95.56,88.2
1056,2025-05-21,95.59,88.19
1057,2025-05-22,95.55,88.16
1058,2025-05-23,95.65,88.18
1059,2025-05-24,95.56,88.2
1060,2025-05-25,95.55,88.2
1061,2025-05-26,95.59,88.25
1062,2025-05-27,95.55,88.25
1063,2025-05-28,95.52,88.27
1064,2025-05-29,95.51,88.27
1065,2025-05-30,95.5,88.27
1066,2025-05-31,95.59,88.37
1067,2025-06-01,95.61,88.37
1068,2025-06-02,95.53,88.34
1069,2025-06-03,95.52,88.31
1070,2025-06-04,95.49,88.37
1071,2025-06-05,95.49,88.37
1072,2025-06-06,95.46,88.42
1073,2025-06-07,95.45,88.4
1074,2025-06-08,95.37,88.4
1075,2025-06-09,95.34,88.47
1076,2025-06-10,95.43,88.42
1077,2025-06-11,95.37,88.41
1078,2025-06-12,95.33,88.42
1079,2025-06-13,95.31,88.43
1080,2025-06-14,95.36,88.39
1081,2025-06-15,95.41,88.36
1082,2025-06-16,95.52,88.42
1083,2025-06-17,95.51,88.38
1084,2025-06-18,95.45,88.41
1085,2025-06-19,95.45,88.45
1086,2025-06-20,95.56,88.42
1087,2025-06-21,95.5,88.43
1088,2025-06-22,95.56,88.39
1089,2025-06-23,95.56,88.44
1090,2025-06-24,95.48,88.45
1091,2025-06-25,95.45,88.45
1092,2025-06-26,95.49,88.46
1093,2025-06-27,95.44,88.44
1094,2025-06-28,95.51,88.45
1095,2025-06-29,95.55,88.46
1096,2025-06-30,95.59,88.44
1097,2025-07-01,95.55,88.47
1098,2025-07-02,95.61,88.43
1099,2025-07-03,95.58,88.42
1100,2025-07-04,95.66,88.44
1101,2025-07-05,95.59,88.44
1102,2025-07-06,95.58,88.39
1103,2025-07-07,95.57,88.38
1104,2025-07-08,95.55,88.36
1105,2025-07-09,95.62,88.35
1106,2025-07-10,95.62,88.35
1107,2025-07-11,95.59,88.35
1108,2025-07-12,95.59,88.35
1109,2025-07-13,95.55,88.34
1110,2025-07-14,95.59,88.33
1111,2025-07-15,95.6,88.34
1112,2025-07-16,95.62,88.36
1113,2025-07-17,95.61,88.32
1114,2025-07-18,95.55,88.36
1115,2025-07-19,95.59,88.39
1116,2025-07-20,95.63,88.38
1117,2025-07-21,95.6,88.34
1118,2025-07-22,95.55,88.39
1119,2025-07-23,95.53,88.43
1120,2025-07-24,95.52,88.4
1121,2025-07-25,95.47,88.38
1122,2025-07-26,95.54,88.34
1123,2025-07-27,95.65,88.31
1124,2025-07-28,95.69,88.3
1125,2025-07-29,95.67,88.25
1126,2025-07-30,95.67,88.2
1127,2025-07-31,95.59,88.2
1128,2025-08-01,95.56,88.27
1129,2025-08-02,95.61,88.34
1130,2025-08-03,95.58,88.35
1131,2025-08-04,95.45,88.34
1132,2025-08-05,95.45,88.35
1133,2025-08-06,95.45,88.35
1134,2025-08-07,95.31,88.36
1135,2025-08-08,95.33,88.41
1136,2025-08-09,95.35,88.4
1137,2025-08-10,95.41,88.31
1138,2025-08-11,95.38,88.28
1139,2025-08-12,95.38,88.19
1140,2025-08-13,95.45,88.18
1141,2025-08-14,95.47,88.19
1142,2025-08-15,95.53,88.12
1143,2025-08-16,95.54,88.17
1144,2025-08-17,95.54,88.13
1145,2025-08-18,95.51,88.11
1146,2025-08-19,95.47,88.1
1147,2025-08-20,95.55,88.08
1148,2025-08-21,95.53,88.1
1149,2025-08-22,95.52,88.05
1150,2025-08-23,95.52,88.05
1151,2025-08-24,95.57,88.01
1152,2025-08-25,95.62,88.01
1153,2025-08-26,95.56,87.96
1154,2025-08-27,95.66,87.95
1155,2025-08-28,95.71,87.88
1156,2025-08-29,95.84,87.92
1157,2025-08-30,95.83,87.91
1158,2025-08-31,95.87,87.94
1159,2025-09-01,95.88,87.94
1160,2025-09-02,95.91,87.87
1161,2025-09-03,95.89,87.8
1162,2025-09-04,95.92,87.77
1163,2025-09-05,95.84,87.74
1164,2025-09-06,95.85,87.73
1165,2025-09-07,95.79,87.66
1166,2025-09-08,95.79,87.64
1167,2025-09-09,95.78,87.63
1168,2025-09-10,95.8,87.66
1169,2025-09-11,95.81,87.65
1170,2025-09-12,95.81,87.64
1171,2025-09-13,95.73,87.68
1172,2025-09-14,95.78,87.76
1173,2025-09-15,95.89,87.71
1174,2025-09-16,95.87,87.81
1175,2025-09-17,95.87,87.82
1176,2025-09-18,95.79,87.83
1177,2025-09-19,95.89,87.88
1178,2025-09-20,95.86,87.86
1179,2025-09-21,95.8,87.83
1180,2025-09-22,95.7,87.83
1181,2025-09-23,95.78,87.84
1182,2025-09-24,95.85,87.88
1183,2025-09-25,95.82,87.85
1184,2025-09-26,95.78,87.78
1185,2025-09-27,95.78,87.66
1186,2025-09-28,95.81,87.66
1187,2025-09-29,95.83,87.7
1188,2025-09-30,95.84,87.77
1189,2025-10-01,95.87,87.74
1190,2025-10-02,95.86,87.65
1191,2025-10-03,95.81,87.63
1192,2025-10-04,95.84,87.6
1193,2025-10-05,95.78,87.52
1194,2025-10-06,95.75,87.6
1195,2025-10-07,95.76,87.64
1196,2025-10-08,95.71,87.58
1197,2025-10-09,95.65,87.58
1198,2025-10-10,95.55,87.54
1199,2025-10-11,95.52,87.49
1200,2025-10-12,95.41,87.5
1201,2025-10-13,95.41,87.53
1202,2025-10-14,95.35,87.56
1203,2025-10-15,95.43,87.57
1204,2025-10-16,95.4,87.58
1205,2025-10-17,95.37,87.55
1206,2025-10-18,95.4,87.54
1207,2025-10-19,95.46,87.52
1208,2025-10-20,95.44,87.5
1209,2025-10-21,95.38,87.53
1210,2025-10-22,95.49,87.51
1211,2025-10-23,95.46,87.48
1212,2025-10-24,95.43,87.55
1213,2025-10-25,95.39,87.53
1214,2025-10-26,95.33,87.54
1215,2025-10-27,95.33,87.49
1216,2025-10-28,95.29,87.55
1217,2025-10-29,95.29,87.55
1218,2025-10-30,95.3,87.61
1219,2025-10-31,95.25,87.59
1220,2025-11-01,95.24,87.52
1221,2025-11-02,95.19,87.56
1222,2025-11-03,95.23,87.6
1223,2025-11-04,95.2,87.58
1224,2025-11-05,95.11,87.62
1225,2025-11-06,95.16,87.66
1226,2025-11-07,95.24,87.68
1227,2025-11-08,95.32,87.67
1228,2025-11-09,95.23,87.7
1229,2025-11-10,95.14,87.71
1230,2025-11-11,95.19,87.72
1231,2025-11-12,95.3,87.64
1232,2025-11-13,95.3,87.64
1233,2025-11-14,95.23,87.59
1234,2025-11-15,95.19,87.55
1235,2025-11-16,95.18,87.53
1236,2025-11-17,95.2,87.56
1237,2025-11-18,95.23,87.54
1238,2025-11-19,95.24,87.58
1239,2025-11-20,95.26,87.65
1240,2025-11-21,95.31,87.72
1241,2025-11-22,95.19,87.72
1242,2025-11-23,95.17,87.72
1243,2025-11-24,95.13,87.74
1244,2025-11-25,95.04,87.76
1245,2025-11-26,95.0,87.74
1246,2025-11-27,95.02,87.74
1247,2025-11-28,95.07,87.7
1248,2025-11-29,95.07,87.74
1249,2025-11-30,95.09,87.76
1250,2025-12-01,95.15,87.74
1251,2025-12-02,95.12,87.76
1252,2025-12-03,95.11,87.8
1253,2025-12-04,95.13,87.78
1254,2025-12-05,95.15,87.74
1255,2025-12-06,95.2,87.68
1256,2025-12-07,95.26,87.69
1257,2025-12-08,95.25,87.72
1258,2025-12-09,95.28,87.77
1259,2025-12-10,95.35,87.78
1260,2025-12-11,95.31,87.76
1261,2025-12-12,95.31,87.8
1262,2025-12-13,95.29,87.79
1263,2025-12-14,95.38,87.79
1264,2025-12-15,95.35,87.82
1265,2025-12-16,95.35,87.76
1266,2025-12-17,95.4,87.73
1267,2025-12-18,95.4,87.73
1268,2025-12-19,95.41,87.64
1269,2025-12-20,95.39,87.68
1270,2025-12-21,95.45,87.64
1271,2025-12-22,95.5,87.61
1272,2025-12-23,95.48,87.6
1273,2025-12-24,95.49,87.64
1274,2025-12-25,95.5,87.63
1275,2025-12-26,95.55,87.6
1276,2025-12-27,95.55,87.64
1277,2025-12-28,95.58,87.62
1278,2025-12-29,95.5,87.63
1279,2025-12-30,95.42,87.62
1280,2025-12-31,95.48,87.64
1281,2026-01-01,95.38,87.65
1282,2026-01-02,95.36,87.6
1283,2026-01-03,95.38,87.58
1284,2026-01-04,95.36,87.58
1285,2026-01-05,95.33,87.58
1286,2026-01-06,95.3,87.56
1287,2026-01-07,95.35,87.6
1288,2026-01-08,95.26,87.63
1289,2026-01-09,95.33,87.69
1290,2026-01-10,95.36,87.65
1291,2026-01-11,95.39,87.62
1292,2026-01-12,95.37,87.64
1293,2026-01-13,95.33,87.59
1294,2026-01-14,95.35,87.66
1295,2026-01-15,95.41,87.69
1296,2026-01-16,95.46,87.72
1297,2026-01-17,95.48,87.76
1298,2026-01-18,95.41,87.77
1299,2026-01-19,95.41,87.77
1300,2026-01-20,95.39,87.79
1301,2026-01-21,95.35,87.77
1302,2026-01-22,95.32,87.8
1303,2026-01-23,95.32,87.78
1304,2026-01-24,95.3,87.78
1305,2026-01-25,95.38,87.73
1306,2026-01-26,95.41,87.75
1307,2026-01-27,95.37,87.81
1308,2026-01-28,95.4,87.79
1309,2026-01-29,95.31,87.8
1310,2026-01-30,95.31,87.76
1311,2026-01-31,95.26,87.79
1312,2026-02-01,95.16,87.8
1313,2026-02-02,95.15,87.82
1314,2026-02-03,95.14,87.83
1315,2026-02-04,95.1,87.83
1316,2026-02-05,95.12,87.84
1317,2026-02-06,95.14,87.8
1318,2026-02-07,95.11,87.78
1319,2026-02-08,95.1,87.83
1320,2026-02-09,95.08,87.78
1321,2026-02-10,95.11,87.83
1322,2026-02-11,95.05,87.91
1323,2026-02-12,95.07,87.95
1324,2026-02-13,95.14,87.99
1325,2026-02-14,95.13,88.04
1326,2026-02-15,95.14,88.08
1327,2026-02-16,95.2,88.04
1328,2026-02-17,95.24,88.03
1329,2026-02-18,95.25,88.04
1330,2026-02-19,95.25,88.1
1331,2026-02-20,95.18,88.03
1332,2026-02-21,95.08,88.07
1333,2026-02-22,95.04,88.08
1334,2026-02-23,95.03,88.04
1335,2026-02-24,95.07,88.03
1336,2026-02-25,95.06,88.04
1337,2026-02-26,95.1,88.0
1338,2026-02-27,95.14,88.06
1339,2026-02-28,95.07,88.07
1340,2026-03-01,95.05,88.1
1341,2026-03-02,94.99,88.17
1342,2026-03-03,94.91,88.16
1343,2026-03-04,94.93,88.13
1344,2026-03-05,94.89,88.14
1345,2026-03-06,94.89,88.14
1346,2026-03-07,94.93,88.12
1347,2026-03-08,94.95,88.1
1348,2026-03-09,94.91,88.09
1349,2026-03-10,94.89,88.07
1350,2026-03-11,94.95,88.06
1351,2026-03-12,94.92,88.06
1352,2026-03-13,94.93,88.01
1353,2026-03-14,94.92,88.0
1354,2026-03-15,94.91,88.03
1355,2026-03-16,94.92,88.08
1356,2026-03-17,94.92,88.15
1357,2026-03-18,94.9,88.12
1358,2026-03-19,94.93,88.17
1359,2026-03-20,94.86,88.16
1360,2026-03-21,94.83,88.17
1361,2026-03-22,94.83,88.22
1362,2026-03-23,94.82,88.27
1363,2026-03-24,94.8,88.31
1364,2026-03-25,94.81,88.38
1365,2026-03-26,94.74,88.33
1366,2026-03-27,94.83,88.3
1367,2026-03-28,94.8,88.26
1368,2026-03-29,94.86,88.21
1369,2026-03-30,94.86,88.2
1370,2026-03-31,94.91,88.18
1371,2026-04-01,94.93,88.13
1372,2026-04-02,95.04,88.12
1373,2026-04-03,95.04,88.19
1374,2026-04-04,95.01,88.26
1375,2026-04-05,94.99,88.29
1376,2026-04-06,94.96,88.24
1377,2026-04-07,94.98,88.27
1378,2026-04-08,94.91,88.26
1379,2026-04-09,94.97,88.28
1380,2026-04-10,94.95,88.26
1381,2026-04-11,95.05,88.2
1382,2026-04-12,95.05,88.14
1383,2026-04-13,95.12,88.14
1384,2026-04-14,95.13,88.25
1385,2026-04-15,95.1,88.32
1386,2026-04-16,95.08,88.31
1387,2026-04-17,95.21,88.3
1388,2026-04-18,95.14,88.31
1389,2026-04-19,95.13,88.32
1390,2026-04-20,95.12,88.41
1391,2026-04-21,95.15,88.37
1392,2026-04-22,95.16,88.34
1393,2026-04-23,95.15,88.3
1394,2026-04-24,95.26,88.27
1395,2026-04-25,95.29,88.26
1396,2026-04-26,95.23,88.27
1397,2026-04-27,95.25,88.29
1398,2026-04-28,95.12,88.24
1399,2026-04-29,95.17,88.2
1400,2026-04-30,95.18,88.15
1401,2026-05-01,95.22,88.19
1402,2026-05-02,95.26,88.23
1403,2026-05-03,95.34,88.18
1404,2026-05-04,95.3,88.22
1405,2026-05-05,95.36,88.19
1406,2026-05-06,95.32,88.16
1407,2026-05-07,95.24,88.11
1408,2026-05-08,95.18,88.1
1409,2026-05-09,95.19,88.12
1410,2026-05-10,95.16,88.1
1411,2026-05-11,95.17,88.04
1412,2026-05-12,95.22,88.09
1413,2026-05-13,95.19,88.07
1414,2026-05-14,95.25,88.07
1415,2026-05-15,95.28,88.07
1416,2026-05-16,95.36,88.09
1417,2026-05-17,95.39,88.11
1418,2026-05-18,95.36,88.09
1419,2026-05-19,95.4,88.1
1420,2026-05-20,95.34,88.17
1421,2026-05-21,95.39,88.17
1422,2026-05-22,95.38,88.18
1423,2026-05-23,95.41,88.1
1424,2026-05-24,95.52,88.07
1425,2026-05-25,95.52,88.07
1426,2026-05-26,95.62,88.07
1427,2026-05-27,95.7,88.09
1428,2026-05-28,95.65,88.1
1429,2026-05-29,95.64,88.06
1430,2026-05-30,95.66,88.06
1431,2026-05-31,95.69,88.07
1432,2026-06-01,95.66,88.1
1433,2026-06-02,95.63,87.98
1434,2026-06-03,95.64,87.96
1435,2026-06-04,95.66,88.04
1436,2026-06-05,95.76,88.03
1437,2026-06-06,95.72,88.05
1438,2026-06-07,95.7,88.07
1439,2026-06-08,95.67,88.08
1440,2026-06-09,95.63,88.13
1441,2026-06-10,95.6,88.16
1442,2026-06-11,95.54,88.19
1443,2026-06-12,95.49,88.2
1444,2026-06-13,95.54,88.19
1445,2026-06-14,95.49,88.21
1446,2026-06-15,95.45,88.19
1447,2026-06-16,95.46,88.24
1448,2026-06-17,95.46,88.24
1449,2026-06-18,95.5,88.24
1450,2026-06-19,95.53,88.28
1451,2026-06-20,95.51,88.15
1452,2026-06-21,95.47,88.2
1453,2026-06-22,95.47,88.19
1454,2026-06-23,95.53,88.19
1455,2026-06-24,95.43,88.13
1456,2026-06-25,95.45,88.13
1457,2026-06-26,95.52,88.1
1458,2026-06-27,95.5,88.06
1459,2026-06-28,95.47,87.98
1460,2026-06-29,95.45,87.98
1461,2026-06-30,95.44,88.07
