po_id,purchase_id,product_id,quantity_ordered,quantity_received,unit_price,po_date,expected_delivery_date,actual_delivery_date,status,delivery_delay_days
1,1,198,23,16,6.17,2023-04-09,2023-04-13,2023-04-14,partial,1.0
2,1,192,31,31,60.31,2023-04-09,2023-04-11,2023-04-11,complete,0.0
3,1,190,55,55,27.27,2023-04-09,2023-04-14,2023-04-14,complete,0.0
4,1,194,30,30,22.3,2023-04-09,2023-04-10,2023-04-10,complete,0.0
5,1,190,48,48,27.96,2023-04-09,2023-04-10,2023-04-10,complete,0.0
6,1,196,60,60,5.01,2023-04-09,2023-04-13,2023-04-13,complete,0.0
7,1,197,25,22,5.02,2023-04-09,2023-04-12,,partial,
8,1,185,29,29,55.42,2023-04-09,2023-04-14,2023-04-14,complete,0.0
9,2,49,28,28,104.01,2023-04-10,2023-04-12,2023-04-12,complete,0.0
10,2,16,7,7,3732.85,2023-04-10,2023-04-14,2023-04-19,complete,5.0
11,2,158,14,14,666.73,2023-04-10,2023-04-15,2023-04-15,complete,0.0
12,3,131,48,48,1290.92,2023-05-22,2023-05-25,2023-05-25,complete,0.0
13,3,83,52,52,1542.44,2023-05-22,2023-05-25,2023-05-25,complete,0.0
14,3,129,39,39,2482.51,2023-05-22,2023-05-23,2023-05-23,complete,0.0
15,3,95,44,44,2158.93,2023-05-22,2023-05-27,2023-05-27,complete,0.0
16,3,1,50,50,109.17,2023-05-22,2023-05-24,2023-05-24,complete,0.0
17,3,168,33,23,265.44,2023-05-22,2023-05-23,2023-05-23,partial,0.0
18,4,192,57,57,63.12,2023-05-19,2023-05-20,2023-05-20,complete,0.0
19,4,186,34,34,74.87,2023-05-19,2023-05-21,2023-05-30,complete,9.0
20,4,196,49,49,5.13,2023-05-19,2023-05-22,2023-05-22,complete,0.0
21,4,194,27,27,21.97,2023-05-19,2023-05-22,2023-05-22,complete,0.0
22,4,193,30,30,15.29,2023-05-19,2023-05-22,2023-05-22,complete,0.0
23,4,191,34,34,34.79,2023-05-19,2023-05-24,2023-05-24,complete,0.0
24,4,199,9,9,7.92,2023-05-19,2023-05-24,2023-05-24,complete,0.0
25,4,195,49,49,29.53,2023-05-19,2023-05-20,2023-05-20,complete,0.0
26,4,189,25,25,18.06,2023-05-19,2023-05-21,2023-05-21,complete,0.0
27,4,183,57,57,25.14,2023-05-19,2023-05-22,2023-05-22,complete,0.0
28,5,195,23,23,29.8,2023-05-19,2023-05-21,2023-05-23,complete,2.0
29,5,193,55,55,15.37,2023-05-19,2023-05-23,2023-05-23,complete,0.0
30,5,189,37,37,17.9,2023-05-19,2023-05-22,2023-06-01,complete,10.0
31,6,156,30,30,1410.13,2023-06-27,2023-07-01,2023-07-01,complete,0.0
32,6,156,35,35,1369.3,2023-06-27,2023-06-30,2023-06-30,complete,0.0
33,6,43,13,9,1164.27,2023-06-27,2023-06-29,2023-06-29,partial,0.0
34,6,127,10,10,492.89,2023-06-27,2023-07-01,2023-07-01,complete,0.0
35,7,201,3,3,107988.06,2023-06-27,2023-07-02,2023-07-13,complete,11.0
36,7,200,1,1,97725.93,2023-06-27,2023-06-30,2023-06-30,complete,0.0
37,7,201,1,1,109491.6,2023-06-27,2023-06-30,2023-06-30,complete,0.0
38,8,193,26,25,15.03,2023-06-16,2023-06-21,2023-06-25,partial,4.0
39,8,191,56,56,34.57,2023-06-16,2023-06-21,2023-06-21,complete,0.0
40,8,192,42,33,60.77,2023-06-16,2023-06-21,2023-06-21,partial,0.0
41,8,192,9,9,63.31,2023-06-16,2023-06-18,2023-06-18,complete,0.0
42,9,193,16,16,15.27,2023-07-06,2023-07-09,2023-07-09,complete,0.0
43,9,188,58,58,39.99,2023-07-06,2023-07-10,2023-07-10,complete,0.0
44,9,184,18,18,35.16,2023-07-06,2023-07-07,2023-07-07,complete,0.0
45,9,195,35,35,29.64,2023-07-06,2023-07-11,2023-07-11,complete,0.0
46,9,185,21,21,53.83,2023-07-06,2023-07-07,2023-07-07,complete,0.0
47,10,173,30,30,1169.69,2023-07-02,2023-07-04,2023-07-04,complete,0.0
48,10,78,16,11,630.25,2023-07-02,2023-07-03,2023-07-03,partial,0.0
49,10,166,33,33,605.92,2023-07-02,2023-07-05,2023-07-05,complete,0.0
50,10,155,43,43,705.88,2023-07-02,2023-07-07,2023-07-07,complete,0.0
51,10,61,29,29,98.02,2023-07-02,2023-07-07,2023-07-07,complete,0.0
52,10,49,34,30,105.31,2023-07-02,2023-07-05,2023-07-09,partial,4.0
53,10,18,15,15,774.43,2023-07-02,2023-07-03,2023-07-03,complete,0.0
54,10,118,57,57,579.61,2023-07-02,2023-07-06,2023-07-06,complete,0.0
55,11,201,2,1,105429.3,2023-07-18,2023-07-22,2023-07-22,partial,0.0
56,11,200,1,1,95938.25,2023-07-18,2023-07-21,2023-07-21,complete,0.0
57,11,201,2,2,107858.34,2023-07-18,2023-07-19,2023-07-19,complete,0.0
58,12,187,58,58,94.77,2023-08-04,2023-08-06,2023-08-06,complete,0.0
59,12,186,17,17,74.09,2023-08-04,2023-08-05,2023-08-05,complete,0.0
60,12,182,52,36,17.66,2023-08-04,2023-08-09,2023-08-09,partial,0.0
61,12,199,46,46,7.91,2023-08-04,2023-08-08,2023-08-08,complete,0.0
62,12,193,51,51,14.59,2023-08-04,2023-08-09,2023-08-13,complete,4.0
63,12,187,52,52,95.45,2023-08-04,2023-08-05,2023-08-05,complete,0.0
64,12,197,44,44,4.86,2023-08-04,2023-08-06,2023-08-06,complete,0.0
65,12,187,57,57,96.67,2023-08-04,2023-08-06,2023-08-11,complete,5.0
66,13,182,12,12,18.51,2023-08-26,2023-08-28,2023-08-31,complete,3.0
67,13,184,26,26,34.08,2023-08-26,2023-08-30,2023-08-30,complete,0.0
68,13,187,42,42,92.38,2023-08-26,2023-08-31,2023-08-31,complete,0.0
69,13,196,5,5,4.85,2023-08-26,2023-08-31,2023-08-31,complete,0.0
70,13,195,35,35,30.35,2023-08-26,2023-08-29,2023-08-29,complete,0.0
71,13,188,44,44,40.46,2023-08-26,2023-08-30,2023-08-30,complete,0.0
72,14,22,19,19,739.61,2023-09-18,2023-09-20,2023-09-20,complete,0.0
73,14,96,48,48,4351.68,2023-09-18,2023-09-22,,complete,
74,14,18,46,46,755.39,2023-09-18,2023-09-21,2023-09-24,complete,3.0
75,14,66,7,6,401.63,2023-09-18,2023-09-20,2023-09-20,partial,0.0
76,14,138,20,20,360.73,2023-09-18,2023-09-21,2023-09-25,complete,4.0
77,14,98,19,19,1314.52,2023-09-18,2023-09-19,2023-09-21,complete,2.0
78,15,202,2,2,86300.16,2023-10-19,2023-10-23,2023-10-23,complete,0.0
79,15,200,2,2,92875.11,2023-10-19,2023-10-20,2023-10-20,complete,0.0
80,15,202,2,2,86263.94,2023-10-19,2023-10-22,2023-10-27,complete,5.0
81,16,182,22,22,17.48,2023-10-06,2023-10-08,2023-10-08,complete,0.0
82,16,197,42,42,5.13,2023-10-06,2023-10-07,2023-10-07,complete,0.0
83,16,190,54,54,28.01,2023-10-06,2023-10-10,2023-10-10,complete,0.0
84,16,199,40,40,8.12,2023-10-06,2023-10-10,2023-10-10,complete,0.0
85,16,192,10,10,60.2,2023-10-06,2023-10-08,,complete,
86,16,196,34,34,4.99,2023-10-06,2023-10-10,2023-10-10,complete,0.0
87,17,201,3,3,110890.7,2023-11-03,2023-11-05,2023-11-06,complete,1.0
88,17,200,1,1,95084.0,2023-11-03,2023-11-06,2023-11-06,complete,0.0
89,17,202,1,1,87290.22,2023-11-03,2023-11-08,2023-11-09,complete,1.0
90,18,193,49,49,14.74,2023-11-08,2023-11-10,2023-11-13,complete,3.0
91,18,195,32,27,29.6,2023-11-08,2023-11-12,2023-11-12,partial,0.0
92,18,195,50,50,30.06,2023-11-08,2023-11-11,2023-11-11,complete,0.0
93,18,197,49,49,5.09,2023-11-08,2023-11-09,2023-11-09,complete,0.0
94,19,50,45,45,418.04,2023-11-03,2023-11-08,2023-11-08,complete,0.0
95,19,126,46,46,2391.31,2023-11-03,2023-11-04,2023-11-04,complete,0.0
96,19,90,26,26,869.3,2023-11-03,2023-11-07,2023-11-07,complete,0.0
97,19,158,33,33,677.65,2023-11-03,2023-11-06,2023-11-06,complete,0.0
98,19,94,23,18,849.24,2023-11-03,2023-11-06,2023-11-06,partial,0.0
99,20,184,28,28,34.34,2023-12-06,2023-12-07,2023-12-07,complete,0.0
100,20,183,15,15,25.05,2023-12-06,2023-12-07,2023-12-11,complete,4.0
101,20,199,25,25,7.83,2023-12-06,2023-12-11,2023-12-11,complete,0.0
102,20,191,23,23,35.99,2023-12-06,2023-12-11,2023-12-13,complete,2.0
103,20,189,26,26,18.2,2023-12-06,2023-12-07,2023-12-07,complete,0.0
104,21,59,55,55,1050.7,2024-01-15,2024-01-16,2024-01-17,complete,1.0
105,21,110,10,10,1750.45,2024-01-15,2024-01-19,2024-01-19,complete,0.0
106,21,36,47,47,2901.75,2024-01-15,2024-01-19,2024-01-19,complete,0.0
107,21,95,27,27,2126.46,2024-01-15,2024-01-20,2024-01-21,complete,1.0
108,22,132,42,42,2504.59,2024-02-10,2024-02-14,2024-02-14,complete,0.0
109,22,75,41,41,1630.61,2024-02-10,2024-02-12,,complete,
110,22,151,57,57,257.15,2024-02-10,2024-02-14,2024-02-14,complete,0.0
111,22,108,14,14,3448.11,2024-02-10,2024-02-14,2024-02-14,complete,0.0
112,22,26,16,16,596.07,2024-02-10,2024-02-12,2024-02-13,complete,1.0
113,22,55,9,9,1030.56,2024-02-10,2024-02-14,2024-02-19,complete,5.0
114,22,178,35,35,592.34,2024-02-10,2024-02-13,2024-02-13,complete,0.0
115,22,95,42,42,2094.25,2024-02-10,2024-02-12,2024-02-12,complete,0.0
116,22,61,45,45,99.51,2024-02-10,2024-02-13,2024-02-13,complete,0.0
117,23,108,59,59,3536.74,2024-02-21,2024-02-24,2024-02-24,complete,0.0
118,23,31,5,5,1455.65,2024-02-21,2024-02-25,2024-03-06,complete,10.0
119,23,59,18,18,1002.71,2024-02-21,2024-02-23,2024-02-23,complete,0.0
120,23,57,59,59,105.87,2024-02-21,2024-02-22,2024-03-05,complete,12.0
121,24,125,24,24,1216.84,2024-03-16,2024-03-18,2024-03-18,complete,0.0
122,24,26,18,17,583.13,2024-03-16,2024-03-17,2024-03-18,partial,1.0
123,24,80,7,6,3120.86,2024-03-16,2024-03-21,2024-03-21,partial,0.0
124,24,178,7,7,560.96,2024-03-16,2024-03-17,2024-03-17,complete,0.0
125,24,95,16,12,2173.25,2024-03-16,2024-03-19,2024-03-19,partial,0.0
126,24,175,54,54,324.04,2024-03-16,2024-03-21,2024-03-22,complete,1.0
127,24,31,38,38,1462.79,2024-03-16,2024-03-19,2024-03-19,complete,0.0
128,25,202,1,1,86314.88,2024-04-28,2024-05-02,2024-05-02,complete,0.0
129,25,200,2,2,92854.61,2024-04-28,2024-04-30,2024-05-04,complete,4.0
130,25,202,1,1,85794.27,2024-04-28,2024-05-02,2024-05-02,complete,0.0
131,26,53,36,36,107.04,2024-04-15,2024-04-20,2024-04-20,complete,0.0
132,26,154,42,42,296.78,2024-04-15,2024-04-17,2024-04-27,complete,10.0
133,26,34,43,43,576.79,2024-04-15,2024-04-17,2024-04-17,complete,0.0
134,26,13,42,42,188.53,2024-04-15,2024-04-19,2024-04-19,complete,0.0
135,26,152,36,36,652.87,2024-04-15,2024-04-19,2024-04-19,complete,0.0
136,26,86,45,42,897.55,2024-04-15,2024-04-16,2024-04-16,partial,0.0
137,26,123,29,29,3078.17,2024-04-15,2024-04-18,2024-04-18,complete,0.0
138,26,33,53,53,148.16,2024-04-15,2024-04-19,2024-04-19,complete,0.0
139,26,180,21,21,534.85,2024-04-15,2024-04-20,,complete,
140,27,200,1,1,93158.15,2024-04-04,2024-04-07,2024-04-07,complete,0.0
141,27,201,2,2,107918.71,2024-04-04,2024-04-08,2024-04-08,complete,0.0
142,27,201,3,3,110296.2,2024-04-04,2024-04-08,2024-04-08,complete,0.0
143,28,107,56,49,1680.51,2024-05-11,2024-05-15,2024-05-15,partial,0.0
144,28,24,27,27,3562.38,2024-05-11,2024-05-13,2024-05-13,complete,0.0
145,28,66,60,60,406.57,2024-05-11,2024-05-12,2024-05-12,complete,0.0
146,29,200,2,2,94303.1,2024-05-17,2024-05-22,2024-05-22,complete,0.0
147,29,201,2,2,107978.82,2024-05-17,2024-05-20,2024-05-20,complete,0.0
148,29,200,1,1,94982.62,2024-05-17,2024-05-18,,complete,
149,30,130,41,41,506.4,2024-06-26,2024-06-28,2024-06-28,complete,0.0
150,30,105,56,56,2591.17,2024-06-26,2024-06-29,2024-06-29,complete,0.0
151,30,107,34,34,1673.5,2024-06-26,2024-06-27,2024-06-27,complete,0.0
152,30,50,57,57,436.62,2024-06-26,2024-07-01,2024-07-12,complete,11.0
153,31,27,57,57,1457.47,2024-06-07,2024-06-12,2024-06-12,complete,0.0
154,31,28,6,6,2820.99,2024-06-07,2024-06-11,2024-06-24,complete,13.0
155,31,124,7,7,502.55,2024-06-07,2024-06-08,2024-06-08,complete,0.0
156,31,55,59,59,996.34,2024-06-07,2024-06-08,2024-06-08,complete,0.0
157,31,79,9,9,1633.75,2024-06-07,2024-06-10,2024-06-21,complete,11.0
158,31,58,13,13,420.72,2024-06-07,2024-06-12,2024-06-12,complete,0.0
159,31,150,54,54,1053.06,2024-06-07,2024-06-08,2024-06-08,complete,0.0
160,31,12,26,26,2180.93,2024-06-07,2024-06-09,2024-06-09,complete,0.0
161,31,37,22,22,122.77,2024-06-07,2024-06-12,2024-06-12,complete,0.0
162,31,75,12,12,1588.33,2024-06-07,2024-06-09,2024-06-09,complete,0.0
163,32,196,49,49,5.13,2024-07-21,2024-07-24,2024-07-24,complete,0.0
164,32,193,28,28,15.36,2024-07-21,2024-07-26,2024-07-26,complete,0.0
165,32,198,30,30,6.15,2024-07-21,2024-07-24,2024-07-24,complete,0.0
166,33,143,57,57,500.17,2024-08-21,2024-08-24,2024-08-24,complete,0.0
167,33,50,57,57,431.6,2024-08-21,2024-08-22,2024-08-22,complete,0.0
168,33,15,55,44,1843.41,2024-08-21,2024-08-24,2024-08-24,partial,0.0
169,33,141,38,38,362.33,2024-08-21,2024-08-23,2024-08-23,complete,0.0
170,33,89,33,33,218.7,2024-08-21,2024-08-24,2024-08-24,complete,0.0
171,33,133,23,23,43.73,2024-08-21,2024-08-23,2024-09-03,complete,11.0
172,33,167,19,17,132.35,2024-08-21,2024-08-26,2024-09-01,partial,6.0
173,33,60,49,43,2102.38,2024-08-21,2024-08-25,2024-08-25,partial,0.0
174,33,77,15,15,164.97,2024-08-21,2024-08-26,2024-08-30,complete,4.0
175,34,52,48,48,2103.29,2024-08-07,2024-08-09,2024-08-18,complete,9.0
176,34,89,33,33,224.33,2024-08-07,2024-08-11,2024-08-11,complete,0.0
177,34,24,49,49,3637.28,2024-08-07,2024-08-11,2024-08-11,complete,0.0
178,34,155,8,8,680.52,2024-08-07,2024-08-11,2024-08-25,complete,14.0
179,34,109,43,43,697.22,2024-08-07,2024-08-08,2024-08-08,complete,0.0
180,34,180,30,30,538.97,2024-08-07,2024-08-12,2024-08-12,complete,0.0
181,34,51,36,36,1056.07,2024-08-07,2024-08-09,2024-08-10,complete,1.0
182,35,157,15,15,269.62,2024-09-02,2024-09-04,2024-09-04,complete,0.0
183,35,151,17,17,254.75,2024-09-02,2024-09-03,2024-09-03,complete,0.0
184,35,135,12,12,379.2,2024-09-02,2024-09-03,2024-09-13,complete,10.0
185,35,167,34,34,136.21,2024-09-02,2024-09-04,2024-09-04,complete,0.0
186,35,51,16,16,1050.18,2024-09-02,2024-09-05,2024-09-05,complete,0.0
187,35,158,5,5,680.42,2024-09-02,2024-09-06,2024-09-07,complete,1.0
188,35,111,26,26,3317.01,2024-09-02,2024-09-03,2024-09-03,complete,0.0
189,35,138,58,54,352.23,2024-09-02,2024-09-06,2024-09-21,partial,15.0
190,35,48,5,4,2444.69,2024-09-02,2024-09-05,,partial,
191,35,57,46,46,104.29,2024-09-02,2024-09-03,2024-09-03,complete,0.0
192,36,200,2,2,93774.13,2024-09-25,2024-09-27,2024-09-27,complete,0.0
193,36,200,2,2,97301.29,2024-09-25,2024-09-28,2024-09-28,complete,0.0
194,36,201,2,2,107847.33,2024-09-25,2024-09-29,2024-09-30,complete,1.0
195,37,176,34,34,618.86,2024-10-03,2024-10-07,2024-10-14,complete,7.0
196,37,122,24,24,1488.44,2024-10-03,2024-10-06,2024-10-06,complete,0.0
197,37,117,37,37,2943.82,2024-10-03,2024-10-04,2024-10-08,complete,4.0
198,37,129,27,27,2472.83,2024-10-03,2024-10-08,2024-10-09,complete,1.0
199,37,168,55,55,267.59,2024-10-03,2024-10-04,2024-10-04,complete,0.0
200,37,95,53,53,2173.21,2024-10-03,2024-10-06,2024-10-06,complete,0.0
201,37,117,43,43,2971.25,2024-10-03,2024-10-07,2024-10-07,complete,0.0
202,37,16,15,15,3705.97,2024-10-03,2024-10-07,2024-10-07,complete,0.0
203,38,196,14,14,5.04,2024-10-23,2024-10-28,2024-10-28,complete,0.0
204,38,182,35,35,17.92,2024-10-23,2024-10-25,2024-10-25,complete,0.0
205,38,183,42,42,24.61,2024-10-23,2024-10-27,2024-10-27,complete,0.0
206,38,184,50,50,34.86,2024-10-23,2024-10-27,2024-11-01,complete,5.0
207,38,196,7,7,5.0,2024-10-23,2024-10-28,2024-11-12,complete,15.0
208,38,194,19,19,22.28,2024-10-23,2024-10-27,2024-10-27,complete,0.0
209,38,184,46,46,34.83,2024-10-23,2024-10-27,2024-10-27,complete,0.0
210,38,181,6,6,11.76,2024-10-23,2024-10-27,2024-10-27,complete,0.0
211,38,190,48,48,27.73,2024-10-23,2024-10-27,2024-10-29,complete,2.0
212,39,144,31,31,1026.9,2024-11-21,2024-11-23,,complete,
213,39,153,21,21,1259.06,2024-11-21,2024-11-26,2024-11-26,complete,0.0
214,39,112,19,19,683.2,2024-11-21,2024-11-24,2024-11-27,complete,3.0
215,39,51,40,40,1015.13,2024-11-21,2024-11-26,2024-11-26,complete,0.0
216,39,135,33,33,374.87,2024-11-21,2024-11-22,2024-11-22,complete,0.0
217,39,121,11,7,626.78,2024-11-21,2024-11-23,2024-12-01,partial,8.0
218,39,24,23,23,3705.49,2024-11-21,2024-11-25,2024-11-25,complete,0.0
219,39,36,13,13,2859.95,2024-11-21,2024-11-25,2024-11-26,complete,1.0
220,39,110,23,23,1702.37,2024-11-21,2024-11-24,2024-11-24,complete,0.0
221,39,19,53,53,1837.82,2024-11-21,2024-11-23,2024-11-23,complete,0.0
222,40,198,54,38,5.88,2024-11-28,2024-11-30,2024-12-05,partial,5.0
223,40,189,56,56,18.17,2024-11-28,2024-12-01,2024-12-05,complete,4.0
224,40,195,60,60,29.65,2024-11-28,2024-12-01,2024-12-10,complete,9.0
225,40,194,14,14,22.26,2024-11-28,2024-11-30,2024-12-05,complete,5.0
226,40,190,49,49,27.74,2024-11-28,2024-12-02,2024-12-02,complete,0.0
227,40,182,29,29,18.24,2024-11-28,2024-11-30,2024-11-30,complete,0.0
228,40,187,40,40,93.93,2024-11-28,2024-11-30,2024-12-01,complete,1.0
229,40,188,21,21,39.38,2024-11-28,2024-12-02,2024-12-07,complete,5.0
230,41,9,52,52,109.59,2024-11-17,2024-11-19,2024-11-24,complete,5.0
231,41,118,47,47,589.08,2024-11-17,2024-11-20,2024-11-20,complete,0.0
232,41,23,41,41,1832.22,2024-11-17,2024-11-22,2024-11-22,complete,0.0
233,41,54,57,57,437.12,2024-11-17,2024-11-19,2024-11-19,complete,0.0
234,42,201,3,3,109806.78,2024-12-07,2024-12-12,2024-12-12,complete,0.0
235,42,201,2,2,109501.53,2024-12-07,2024-12-09,2024-12-09,complete,0.0
236,42,201,1,1,111032.85,2024-12-07,2024-12-12,,complete,
237,43,109,7,7,689.5,2024-12-18,2024-12-21,,complete,
238,43,74,14,14,614.8,2024-12-18,2024-12-19,2024-12-19,complete,0.0
239,43,22,36,36,719.06,2024-12-18,2024-12-19,2024-12-19,complete,0.0
240,43,103,33,33,522.59,2024-12-18,2024-12-22,2024-12-27,complete,5.0
241,44,202,3,3,88652.55,2025-01-22,2025-01-26,2025-01-26,complete,0.0
242,44,200,2,2,96344.7,2025-01-22,2025-01-24,2025-01-24,complete,0.0
243,44,202,2,2,88322.31,2025-01-22,2025-01-27,2025-02-04,complete,8.0
244,45,195,22,22,30.52,2025-01-19,2025-01-24,2025-01-28,complete,4.0
245,45,190,30,30,28.15,2025-01-19,2025-01-20,,complete,
246,45,181,38,38,11.87,2025-01-19,2025-01-20,2025-01-20,complete,0.0
247,45,193,21,21,15.24,2025-01-19,2025-01-23,2025-01-23,complete,0.0
248,45,191,6,6,35.45,2025-01-19,2025-01-20,2025-01-20,complete,0.0
249,45,199,29,29,8.21,2025-01-19,2025-01-20,2025-01-22,complete,2.0
250,46,11,22,22,1074.63,2025-02-13,2025-02-14,2025-02-14,complete,0.0
251,46,84,41,41,3146.11,2025-02-13,2025-02-18,2025-02-18,complete,0.0
252,46,74,55,55,618.68,2025-02-13,2025-02-18,2025-02-18,complete,0.0
253,46,88,58,58,4296.67,2025-02-13,2025-02-15,2025-02-20,complete,5.0
254,46,74,43,43,618.9,2025-02-13,2025-02-16,2025-02-18,complete,2.0
255,46,43,15,15,1207.47,2025-02-13,2025-02-16,2025-02-16,complete,0.0
256,46,160,51,51,247.99,2025-02-13,2025-02-17,2025-02-17,complete,0.0
257,47,200,2,2,97616.26,2025-02-25,2025-02-27,2025-02-27,complete,0.0
258,47,202,3,3,86276.27,2025-02-25,2025-03-01,2025-03-01,complete,0.0
259,47,201,3,2,105262.35,2025-02-25,2025-02-26,2025-03-01,partial,3.0
260,48,84,6,6,3212.87,2025-02-26,2025-03-01,2025-03-03,complete,2.0
261,48,169,56,56,576.39,2025-02-26,2025-03-02,2025-03-02,complete,0.0
262,48,81,50,48,159.28,2025-02-26,2025-03-02,2025-03-02,partial,0.0
263,48,40,40,40,2302.66,2025-02-26,2025-03-03,2025-03-03,complete,0.0
264,49,35,34,34,1398.44,2025-03-28,2025-03-29,2025-04-01,complete,3.0
265,49,123,12,12,3092.04,2025-03-28,2025-03-31,2025-04-05,complete,5.0
266,49,179,22,22,280.35,2025-03-28,2025-03-31,2025-03-31,complete,0.0
267,49,125,41,41,1275.37,2025-03-28,2025-03-30,2025-04-05,complete,6.0
268,49,96,26,26,4215.33,2025-03-28,2025-03-29,,complete,
269,49,46,56,56,479.77,2025-03-28,2025-03-31,2025-03-31,complete,0.0
270,49,101,58,58,1265.91,2025-03-28,2025-03-30,2025-03-30,complete,0.0
271,50,68,55,55,1908.07,2025-03-03,2025-03-07,2025-03-07,complete,0.0
272,50,161,11,11,599.85,2025-03-03,2025-03-06,2025-03-06,complete,0.0
273,50,125,19,19,1279.64,2025-03-03,2025-03-08,2025-03-08,complete,0.0
274,51,94,27,27,831.75,2025-03-22,2025-03-26,,complete,
275,51,106,13,13,685.41,2025-03-22,2025-03-25,2025-03-28,complete,3.0
276,51,20,14,14,3721.12,2025-03-22,2025-03-25,2025-03-25,complete,0.0
277,51,3,14,14,1098.61,2025-03-22,2025-03-27,2025-03-27,complete,0.0
278,51,129,45,45,2571.25,2025-03-22,2025-03-25,2025-03-25,complete,0.0
279,51,107,34,34,1666.37,2025-03-22,2025-03-27,2025-03-27,complete,0.0
280,51,152,15,15,636.95,2025-03-22,2025-03-23,2025-03-31,complete,8.0
281,51,163,49,49,226.96,2025-03-22,2025-03-24,2025-03-28,complete,4.0
282,51,23,30,30,1779.1,2025-03-22,2025-03-25,2025-03-25,complete,0.0
283,51,92,14,14,4356.38,2025-03-22,2025-03-27,2025-04-01,complete,5.0
284,52,153,46,46,1291.85,2025-04-24,2025-04-26,2025-04-26,complete,0.0
285,52,45,47,47,119.09,2025-04-24,2025-04-29,2025-04-29,complete,0.0
286,52,36,13,13,2977.91,2025-04-24,2025-04-28,2025-04-28,complete,0.0
287,52,32,20,20,2911.86,2025-04-24,2025-04-29,2025-04-29,complete,0.0
288,52,48,20,20,2403.76,2025-04-24,2025-04-26,2025-05-01,complete,5.0
289,52,19,10,10,1841.2,2025-04-24,2025-04-29,2025-04-29,complete,0.0
290,52,150,46,46,1041.95,2025-04-24,2025-04-29,2025-04-29,complete,0.0
291,52,25,49,49,142.34,2025-04-24,2025-04-28,2025-04-28,complete,0.0
292,53,201,3,3,105778.72,2025-04-07,2025-04-10,2025-04-10,complete,0.0
293,53,200,2,2,95107.28,2025-04-07,2025-04-08,2025-04-08,complete,0.0
294,53,202,2,2,87643.63,2025-04-07,2025-04-11,2025-04-11,complete,0.0
295,54,152,7,7,654.22,2025-05-12,2025-05-15,2025-05-18,complete,3.0
296,54,93,59,59,213.08,2025-05-12,2025-05-14,2025-05-14,complete,0.0
297,54,116,57,57,1483.5,2025-05-12,2025-05-16,2025-05-16,complete,0.0
298,54,142,53,53,255.61,2025-05-12,2025-05-14,2025-05-14,complete,0.0
299,54,167,55,55,136.7,2025-05-12,2025-05-16,2025-05-16,complete,0.0
300,54,18,54,54,781.79,2025-05-12,2025-05-16,2025-05-16,complete,0.0
301,54,13,60,60,183.3,2025-05-12,2025-05-13,2025-05-17,complete,4.0
302,55,187,45,45,96.71,2025-06-25,2025-06-30,2025-06-30,complete,0.0
303,55,181,39,39,11.92,2025-06-25,2025-06-28,2025-06-28,complete,0.0
304,55,195,15,15,29.29,2025-06-25,2025-06-26,2025-06-26,complete,0.0
305,55,198,29,29,5.92,2025-06-25,2025-06-30,2025-06-30,complete,0.0
306,55,183,15,15,24.74,2025-06-25,2025-06-29,2025-06-29,complete,0.0
307,55,199,52,52,7.79,2025-06-25,2025-06-27,2025-06-27,complete,0.0
308,55,187,47,47,94.86,2025-06-25,2025-06-28,2025-06-28,complete,0.0
309,56,202,2,2,90166.4,2025-06-05,2025-06-09,2025-06-09,complete,0.0
310,56,201,3,3,110468.84,2025-06-05,2025-06-08,2025-06-12,complete,4.0
311,56,200,2,2,93570.07,2025-06-05,2025-06-09,2025-06-20,complete,11.0
312,57,159,31,31,1404.52,2025-07-08,2025-07-11,2025-07-11,complete,0.0
313,57,97,31,31,508.93,2025-07-08,2025-07-13,2025-07-13,complete,0.0
314,57,120,48,48,3015.43,2025-07-08,2025-07-12,2025-07-12,complete,0.0
315,57,13,50,50,192.17,2025-07-08,2025-07-12,2025-07-12,complete,0.0
316,57,131,20,20,1280.71,2025-07-08,2025-07-12,,complete,
317,57,163,11,11,226.22,2025-07-08,2025-07-12,,complete,
318,57,164,22,22,562.74,2025-07-08,2025-07-10,2025-07-10,complete,0.0
319,58,188,54,54,39.71,2025-08-21,2025-08-23,,complete,
320,58,186,6,6,77.2,2025-08-21,2025-08-23,2025-08-31,complete,8.0
321,58,181,58,58,12.24,2025-08-21,2025-08-23,2025-08-23,complete,0.0
322,58,181,25,25,12.04,2025-08-21,2025-08-23,2025-09-03,complete,11.0
323,59,73,34,34,156.03,2025-08-11,2025-08-14,2025-08-14,complete,0.0
324,59,57,31,31,104.41,2025-08-11,2025-08-12,2025-08-12,complete,0.0
325,59,71,43,43,992.39,2025-08-11,2025-08-15,2025-08-15,complete,0.0
326,60,201,2,2,108071.45,2025-08-22,2025-08-27,2025-08-27,complete,0.0
327,60,201,1,1,106761.34,2025-08-22,2025-08-24,2025-08-24,complete,0.0
328,60,201,2,2,106069.04,2025-08-22,2025-08-23,2025-09-06,complete,14.0
329,61,117,20,20,3069.32,2025-09-21,2025-09-23,2025-09-23,complete,0.0
330,61,52,45,45,2079.72,2025-09-21,2025-09-22,2025-09-22,complete,0.0
331,61,5,18,18,106.64,2025-09-21,2025-09-26,2025-09-26,complete,0.0
332,61,153,34,34,1255.58,2025-09-21,2025-09-23,2025-09-23,complete,0.0
333,61,60,41,41,2052.53,2025-09-21,2025-09-24,2025-09-30,complete,6.0
334,61,44,29,29,2302.96,2025-09-21,2025-09-26,2025-10-01,complete,5.0
335,61,98,55,55,1291.48,2025-09-21,2025-09-25,2025-09-25,complete,0.0
336,61,164,51,51,563.51,2025-09-21,2025-09-24,2025-09-24,complete,0.0
337,61,120,9,9,2941.18,2025-09-21,2025-09-23,2025-09-23,complete,0.0
338,62,201,1,0,107408.94,2025-09-14,2025-09-18,2025-09-18,pending,0.0
339,62,200,2,2,96546.24,2025-09-14,2025-09-17,2025-09-17,complete,0.0
340,62,202,1,1,88796.79,2025-09-14,2025-09-16,2025-09-16,complete,0.0
341,63,170,50,50,1147.67,2025-10-05,2025-10-10,2025-10-10,complete,0.0
342,63,27,49,49,1458.81,2025-10-05,2025-10-09,2025-10-14,complete,5.0
343,63,45,51,51,124.18,2025-10-05,2025-10-10,2025-10-10,complete,0.0
344,63,105,52,52,2606.6,2025-10-05,2025-10-07,2025-10-07,complete,0.0
345,63,120,31,31,2975.36,2025-10-05,2025-10-09,2025-10-09,complete,0.0
346,63,30,17,17,584.5,2025-10-05,2025-10-06,2025-10-10,complete,4.0
347,63,22,8,8,752.31,2025-10-05,2025-10-07,2025-10-07,complete,0.0
348,63,17,11,11,188.97,2025-10-05,2025-10-08,2025-10-08,complete,0.0
349,63,129,6,6,2522.64,2025-10-05,2025-10-06,2025-10-06,complete,0.0
350,63,70,47,47,412.31,2025-10-05,2025-10-06,2025-10-08,complete,2.0
351,64,61,60,60,96.12,2025-10-16,2025-10-20,2025-10-20,complete,0.0
352,64,123,38,38,3018.49,2025-10-16,2025-10-18,2025-10-18,complete,0.0
353,64,62,35,35,401.56,2025-10-16,2025-10-17,2025-10-17,complete,0.0
354,64,57,56,56,107.17,2025-10-16,2025-10-18,2025-10-18,complete,0.0
355,64,44,10,10,2328.42,2025-10-16,2025-10-20,2025-10-20,complete,0.0
356,64,66,14,14,420.52,2025-10-16,2025-10-21,2025-10-21,complete,0.0
357,64,72,58,58,2039.29,2025-10-16,2025-10-20,2025-11-01,complete,12.0
358,64,110,39,39,1675.4,2025-10-16,2025-10-17,,complete,
359,64,176,25,25,636.2,2025-10-16,2025-10-18,2025-10-18,complete,0.0
360,65,182,29,29,18.17,2025-10-18,2025-10-22,2025-10-22,complete,0.0
361,65,194,12,12,21.46,2025-10-18,2025-10-20,2025-10-20,complete,0.0
362,65,197,29,20,5.02,2025-10-18,2025-10-23,2025-10-28,partial,5.0
363,65,198,25,25,6.1,2025-10-18,2025-10-20,2025-10-20,complete,0.0
364,65,195,30,30,29.12,2025-10-18,2025-10-21,2025-10-23,complete,2.0
365,65,192,34,34,60.69,2025-10-18,2025-10-19,2025-10-19,complete,0.0
366,65,193,12,12,14.8,2025-10-18,2025-10-23,2025-10-27,complete,4.0
367,65,188,50,47,41.12,2025-10-18,2025-10-21,2025-10-23,partial,2.0
368,65,194,19,14,22.26,2025-10-18,2025-10-22,2025-10-31,partial,9.0
369,65,194,59,53,21.55,2025-10-18,2025-10-21,2025-10-21,partial,0.0
370,66,126,56,56,2396.14,2025-11-24,2025-11-27,2025-11-27,complete,0.0
371,66,36,49,49,2923.06,2025-11-24,2025-11-26,,complete,
372,66,155,51,51,714.25,2025-11-24,2025-11-26,2025-11-26,complete,0.0
373,66,71,8,8,978.65,2025-11-24,2025-11-26,2025-12-02,complete,6.0
374,66,24,42,42,3645.25,2025-11-24,2025-11-28,2025-11-28,complete,0.0
375,66,136,24,24,46.53,2025-11-24,2025-11-28,2025-11-29,complete,1.0
376,66,105,22,22,2643.48,2025-11-24,2025-11-25,2025-11-25,complete,0.0
377,67,186,60,60,76.33,2025-11-19,2025-11-20,2025-11-24,complete,4.0
378,67,195,38,38,29.98,2025-11-19,2025-11-24,2025-11-24,complete,0.0
379,67,196,47,47,5.12,2025-11-19,2025-11-24,2025-11-24,complete,0.0
380,67,184,12,12,34.03,2025-11-19,2025-11-21,2025-11-21,complete,0.0
381,67,190,10,10,28.81,2025-11-19,2025-11-22,2025-11-22,complete,0.0
382,67,193,5,4,14.77,2025-11-19,2025-11-24,2025-11-24,partial,0.0
383,67,189,38,38,18.44,2025-11-19,2025-11-24,2025-11-24,complete,0.0
384,67,191,57,43,34.04,2025-11-19,2025-11-22,2025-11-22,partial,0.0
385,67,182,27,27,17.76,2025-11-19,2025-11-23,2025-11-23,complete,0.0
386,67,182,15,15,17.89,2025-11-19,2025-11-22,2025-11-22,complete,0.0
387,68,194,25,25,22.65,2025-11-23,2025-11-24,2025-11-24,complete,0.0
388,68,191,12,12,35.39,2025-11-23,2025-11-26,2025-12-06,complete,10.0
389,68,193,14,14,15.33,2025-11-23,2025-11-24,2025-12-05,complete,11.0
390,68,190,11,11,28.47,2025-11-23,2025-11-28,2025-12-01,complete,3.0
391,68,184,38,38,34.68,2025-11-23,2025-11-26,2025-11-26,complete,0.0
392,68,196,15,15,4.95,2025-11-23,2025-11-25,2025-12-10,complete,15.0
393,69,119,45,45,1573.27,2025-12-09,2025-12-11,2025-12-16,complete,5.0
394,69,26,27,27,607.04,2025-12-09,2025-12-12,2025-12-25,complete,13.0
395,69,103,57,57,502.02,2025-12-09,2025-12-10,2025-12-13,complete,3.0
396,69,49,45,45,101.68,2025-12-09,2025-12-10,2025-12-10,complete,0.0
397,69,166,40,40,627.13,2025-12-09,2025-12-10,2025-12-10,complete,0.0
398,70,188,50,50,39.82,2026-01-22,2026-01-25,2026-02-09,complete,15.0
399,70,192,38,33,62.68,2026-01-22,2026-01-24,2026-01-24,partial,0.0
400,70,198,13,13,6.0,2026-01-22,2026-01-26,2026-01-26,complete,0.0
401,70,195,26,26,30.75,2026-01-22,2026-01-27,2026-01-27,complete,0.0
402,71,185,27,27,53.37,2026-01-21,2026-01-24,2026-01-24,complete,0.0
403,71,186,16,14,74.56,2026-01-21,2026-01-25,2026-01-25,partial,0.0
404,71,198,31,31,5.86,2026-01-21,2026-01-23,2026-01-23,complete,0.0
405,71,193,28,28,14.94,2026-01-21,2026-01-24,2026-01-24,complete,0.0
406,71,196,13,13,4.96,2026-01-21,2026-01-24,,complete,
407,71,181,30,30,11.94,2026-01-21,2026-01-22,2026-01-22,complete,0.0
408,71,189,47,47,18.52,2026-01-21,2026-01-25,2026-01-30,complete,5.0
409,71,192,25,25,62.93,2026-01-21,2026-01-25,2026-01-25,complete,0.0
410,71,190,55,55,27.2,2026-01-21,2026-01-26,2026-01-26,complete,0.0
411,72,87,21,21,2206.2,2026-01-20,2026-01-24,2026-01-26,complete,2.0
412,72,51,49,49,1043.73,2026-01-20,2026-01-22,2026-01-22,complete,0.0
413,72,15,13,13,1817.1,2026-01-20,2026-01-22,2026-01-22,complete,0.0
414,72,78,60,60,620.22,2026-01-20,2026-01-23,2026-01-23,complete,0.0
415,72,112,37,26,696.05,2026-01-20,2026-01-23,2026-02-01,partial,9.0
416,72,132,20,14,2440.02,2026-01-20,2026-01-21,2026-01-22,partial,1.0
417,72,34,35,35,557.67,2026-01-20,2026-01-24,2026-02-02,complete,9.0
418,72,51,24,24,1005.49,2026-01-20,2026-01-25,2026-01-25,complete,0.0
419,72,21,52,52,191.89,2026-01-20,2026-01-23,2026-01-23,complete,0.0
420,73,181,17,17,12.15,2026-02-21,2026-02-22,2026-02-22,complete,0.0
421,73,199,53,53,7.86,2026-02-21,2026-02-22,2026-02-22,complete,0.0
422,73,197,53,53,5.11,2026-02-21,2026-02-24,2026-02-24,complete,0.0
423,73,196,32,32,4.87,2026-02-21,2026-02-26,2026-02-26,complete,0.0
424,74,90,18,18,844.92,2026-03-02,2026-03-04,2026-03-09,complete,5.0
425,74,96,34,34,4264.71,2026-03-02,2026-03-05,2026-03-05,complete,0.0
426,74,93,12,9,211.74,2026-03-02,2026-03-05,2026-03-05,partial,0.0
427,74,14,13,13,744.52,2026-03-02,2026-03-04,2026-03-04,complete,0.0
428,74,79,45,45,1605.48,2026-03-02,2026-03-03,2026-03-08,complete,5.0
429,74,92,44,44,4357.53,2026-03-02,2026-03-03,2026-03-06,complete,3.0
430,74,102,21,21,2712.83,2026-03-02,2026-03-07,2026-03-18,complete,11.0
431,74,71,45,45,1011.04,2026-03-02,2026-03-06,2026-03-06,complete,0.0
432,74,110,56,56,1738.44,2026-03-02,2026-03-06,2026-03-06,complete,0.0
433,75,34,15,15,578.18,2026-03-15,2026-03-20,2026-03-20,complete,0.0
434,75,89,34,34,224.36,2026-03-15,2026-03-16,2026-03-21,complete,5.0
435,75,132,43,43,2407.44,2026-03-15,2026-03-16,2026-03-31,complete,15.0
436,75,117,54,54,2939.47,2026-03-15,2026-03-20,2026-03-25,complete,5.0
437,75,4,52,52,2282.61,2026-03-15,2026-03-16,2026-03-16,complete,0.0
438,76,28,14,14,2778.99,2026-03-10,2026-03-12,2026-03-12,complete,0.0
439,76,11,19,19,1098.25,2026-03-10,2026-03-11,2026-03-18,complete,7.0
440,76,125,23,23,1241.53,2026-03-10,2026-03-11,2026-03-14,complete,3.0
441,76,113,16,16,1688.48,2026-03-10,2026-03-12,2026-03-16,complete,4.0
442,76,23,44,44,1848.01,2026-03-10,2026-03-11,2026-03-11,complete,0.0
443,76,149,56,56,515.0,2026-03-10,2026-03-11,2026-03-11,complete,0.0
444,76,19,33,33,1834.32,2026-03-10,2026-03-14,2026-03-14,complete,0.0
445,76,54,22,22,420.76,2026-03-10,2026-03-12,2026-03-12,complete,0.0
446,76,93,35,35,218.51,2026-03-10,2026-03-13,2026-03-28,complete,15.0
447,76,151,40,40,260.19,2026-03-10,2026-03-15,2026-03-15,complete,0.0
448,77,43,40,40,1188.53,2026-04-26,2026-04-27,2026-04-27,complete,0.0
449,77,1,54,54,109.26,2026-04-26,2026-04-28,2026-04-28,complete,0.0
450,77,179,8,8,277.53,2026-04-26,2026-04-28,2026-04-28,complete,0.0
451,77,4,8,8,2266.91,2026-04-26,2026-04-27,,complete,
452,78,103,16,16,509.4,2026-04-08,2026-04-13,2026-04-13,complete,0.0
453,78,147,55,41,987.92,2026-04-08,2026-04-10,2026-04-10,partial,0.0
454,78,27,37,37,1446.24,2026-04-08,2026-04-12,2026-04-16,complete,4.0
455,79,176,16,16,633.21,2026-04-14,2026-04-19,2026-04-19,complete,0.0
456,79,94,30,30,852.12,2026-04-14,2026-04-17,2026-04-17,complete,0.0
457,79,177,28,28,291.64,2026-04-14,2026-04-15,2026-04-15,complete,0.0
458,79,23,18,18,1824.03,2026-04-14,2026-04-17,2026-04-17,complete,0.0
459,79,39,20,20,1151.52,2026-04-14,2026-04-19,2026-05-03,complete,14.0
460,79,112,8,8,691.33,2026-04-14,2026-04-15,2026-04-24,complete,9.0
461,79,40,25,25,2381.21,2026-04-14,2026-04-16,2026-04-16,complete,0.0
462,80,190,18,18,28.52,2026-05-01,2026-05-03,2026-05-16,complete,13.0
463,80,197,38,38,5.13,2026-05-01,2026-05-03,2026-05-03,complete,0.0
464,80,181,32,32,11.67,2026-05-01,2026-05-05,2026-05-13,complete,8.0
465,80,184,14,14,35.14,2026-05-01,2026-05-02,2026-05-03,complete,1.0
466,80,193,60,60,15.42,2026-05-01,2026-05-02,2026-05-02,complete,0.0
467,80,182,23,23,17.63,2026-05-01,2026-05-04,2026-05-04,complete,0.0
468,80,192,34,34,61.1,2026-05-01,2026-05-04,2026-05-19,complete,15.0
469,80,199,41,41,7.99,2026-05-01,2026-05-04,2026-05-08,complete,4.0
470,80,185,13,13,54.8,2026-05-01,2026-05-06,2026-05-06,complete,0.0
471,81,195,5,5,29.38,2026-06-02,2026-06-06,2026-06-06,complete,0.0
472,81,185,29,29,56.23,2026-06-02,2026-06-05,2026-06-05,complete,0.0
473,81,196,34,34,4.88,2026-06-02,2026-06-03,2026-06-03,complete,0.0
474,82,202,1,1,88238.03,2026-06-20,2026-06-22,2026-06-22,complete,0.0
475,82,201,2,2,105164.35,2026-06-20,2026-06-24,2026-06-24,complete,0.0
476,82,200,3,3,94560.65,2026-06-20,2026-06-22,2026-06-22,complete,0.0
477,83,202,1,1,90085.37,2026-06-15,2026-06-18,2026-06-18,complete,0.0
478,83,200,2,2,95202.39,2026-06-15,2026-06-19,,complete,
479,83,202,3,3,86408.4,2026-06-15,2026-06-20,2026-06-20,complete,0.0
